group|LogP|LD50|LogWs|w|AiT|Tm|Tb|pKa|HSolP|Hf|Lmv|dD|dH|dH|Tc|Pc|Vc|Gf|Hfus|LC50(FM)|PCO|BCF|Fp|Hv|OSHA-TWA
CH3|0.3008|-0.0742|-5.2494|0.001661544|-24.9225550959772|0.6699|0.8853|-0.085465010281041|-0.881942916704702|-63.1111321425289|0.0234461890529478|7.598254846|2.303728762|2.21091667345308|1.0893|0.0052|58.5875|11.5317343069364|-1.57914122009117|0.0802745858168787|0.138184764221916|0.673428134657013|33.05639|2.0701|-0.346314355332668
CH2|0.4352|0.0223|-5.0706|0.001894992|-7.4880467514256|0.2992|0.5815|0.190206670857151|-0.0959314069295942|-20.6948808297113|0.0165388282279846|-0.002273494|-0.166399061|-0.29485167685971|3.4607|0.0087|56.5948|8.19986184897425|2.46309783874369|0.335637772047046|0.0471148321054606|0.0824613258823904|11.589|2.3353|0.0304716816319949
CH|0.3837|0.1335|-4.8948|0.002931109|-19.7055899236716|-0.2943|-0.0039|0.972396585988463|0.377682989829395|17.2059401984883|0.00946428793633469|-7.539034314|-3.3699738323132|-2.63669168951708|4.667|0.0123|46.1415|1.84831774251325|1.38575748575853|0.293425676300281|-0.111669695368227|-0.601928363970119|-16.7746|1.6963|0.301811075841117
C|0.6325|0.2641|-4.6277|0.00077246|50.0614713936797|-0.043|-0.4985|0.608879953912947|0.708573777810784|54.4035060116644|0.00073405007525984|-15.64551781|-5.197866232|-6.00030427476499|6.6186|0.015|36.5473|2.07690730382501|3.24809139434515|-0.438085077969667|-0.217296612436072|-1.20422444081682|-36.7201|0.8251|0.741267886300973
CH2=CH|0.5059|0.1087|-9.624|0.00273027|-22.5462662094837|1.0511|1.4381|2.26370703669772|-0.411130641304908|45.8568711219032|0.0335398750664992|7.750372543|3.675246751|2.73987926713004|5.2032|0.0109|100.5126|103.031481760597|-2.02847642916978|1.1379335187487|-0.34283732024915|0.550250260211849|42.44014|4.123|0.77050164965268
CH=CH|0.7652|0.0977|-9.5597|0.004649931|-30.1726813426419|0.9974|1.1867|3.66427963170155|0.768296984767517|82.6103253404547|0.0240419197822836|0.428398021|3.049152491|0.751137592896266|8.2561|0.0155|97.8555|85.2571081441609|1.18101518042855|0.561017004325589|-0.72132541366629|0|10.55566|4.1052|0.244569876324585
CH2=C|0.6909|0.1358|-9.4175|0.001987954|8.23844286352443|0.7252|1.0223|4.14228578441901|0.467214794137476|79.3662168463083|0.0235284919845951|0.195623745|2.305932141|1.17216352779239|7.3562|0.0138|93.5562|82.4671417049839|-0.729202169904283|0.652128460545248|-0.533848705493926|0.47326402219922|6.098636|3.375|-0.334191914602302
CH=C|0.727|0.2376|-9.4095|0.00363304|0|0.3942|0.796|7.02418089987519|2.24331761898782|118.927255967874|0.0129990509635802|-7.008581397|1.279014979|-0.117880062288313|10.0151|0.0197|93.1129|67.3902616053809|1.1778959696237|1.05105034655284|-0.844809754454986|-0.497578102534802|-15.0925|3.9363|0.213375948306176
C=C|0.7043|0.3451|-9.0081|0.000718656|0|0.249|0.4825|0.211962497765636|3.36737835056954|160.56127051773|0.00172851921386963|-14.61604021|-1.459013738|-3.89145769850658|13.5343|0.047|109.4707|59.4634160262331|-0.401492506777475|1.28917288446262|-0.509204819374945|1.05130758373677|-45.1002|4.0746|1.16909024871491
CH2=C=CH|0|0|0|0.00370474|0|1.7798|2.2128|0|-1.19944130549148|182.548700009728|0.0431223133702374|7.766202057|2.290986436|3.99004107031068|11.0153|0.0123|133.1546|241.631573934648|1.13723579596075|0|0|0|0|6.5314|0
CH2=C=C|0|0|0|0.002013784|0|1.6984|1.7877|0|-0.658739633434698|213.107022958513|0.0358626577815314|-0.096509691|-2.107457524|0.0779993843548425|12.6592|0.0195|145.8207|230.500066509956|5.37957606451041|0|0|0|0|0|0
C=C=C|0|0|0|0|0|0|0|0|0|0|0|0|0|0|0|0|0|0|0|0|0|0|0|0|0
CH≡C|-0.1819|0.0609|-9.0073|0.003433007|-20|2.2487|1.5899|-2.07868116934287|-0.723381645860457|206.698242994522|0.0264504708312446|7.780119066|3.03839618|3.09957955022602|6.5967|-0.0033|74.2536|238.781649920913|-5.94212690985661|1.11043470148173|-0.259175615787592|0|59.51535|5.6796|1
C≡C|0.498|0.3876|-8.6808|0.00339424|0|1.4582|1.3528|0|0.530218080701786|230.416935140403|0.0157496778439453|-0.050303533|-0.552798579|1.95824736587761|11.699|0.005|74.1507|217.900030696401|6.65964030431849|1.65676755269048|-0.938497570066779|0|0|7.8319|0
aCH|0.2224|0.023|-4.6135|0.00127466|19.2613018759721|0.6092|0.7302|-0.242913094465621|0.0778256354178666|6.87789357498952|0.0120261520556459|3.113266579|0.918978008|0.740856175762977|3.7648|0.0016|43.6099|25.9204047108142|0.742727913656495|0.168213358516508|0.0299202048996078|0.267144586358916|18.71369|2.677|0.0520694339371932
aC fused with aromatic ring|0.3495|0.0398|-4.7032|-0.001410357|-13.3624882339752|1.8684|1.1169|1.12555418371721|-0.181679404069314|17.3975118955244|0.00596090777589797|-3.050985184|-1.129938828|-2.73196761468822|17.9666|0.0061|27.329|51.4926493021721|2.83201122383072|-0.298662266185495|-0.0276240717513474|0.0116702090310584|18.88737|4.8655|0.521528606206848
aC fused with non-aromatic ring|0.337|0.1363|-4.5533|-0.000430211|5.53553111681698|1.4145|0.7651|-1.20436029831944|-0.618982412568528|6.10244359048856|0.00299675098158581|-4.488108094|-0.355447802|-2.63573946609579|18.2578|0.0053|23.9198|56.6826551217913|4.37936267766138|0.000626196893506013|-0.117073116260402|-0.00774600960508396|0.55237|3.3349|0.571954991491296
aC except as above|0.3005|0.0501|-4.5067|0.001606349|-34.5350730599554|0.765|0.8589|1.61909007697614|-0.406380309057226|23.0317455665353|0.00602809703004326|-6.677725564|-3.094615934|-1.27531309712117|21.0933|0.0099|24.4318|11.6666695541599|3.28026140972056|0.178833799434604|0.241372690041729|-0.179302073370773|29.4365|0|0.306890044502524
aN in aromatic ring|-0.4661|0.0755|-4.4745|0.000847553|3.42027689408628|2.081|1.1087|-1.71650269785482|-0.29771053986488|62.5121617008893|0.00519496048577839|3.409531659|5.900956231|4.0819610897123|9.5991|-0.0086|15.5252|68.1595191935819|0.0210427730963758|0.156486265671929|0|0.245132499257546|49.52022|6.7992|0.83810384777436
aC-CH3|0.6065|0.0699|-9.658|0.003072826|14.6574603052648|1.0601|1.2884|0.209406080517056|0.26760862231481|-28.5790228937711|0.0305766226933306|3.081075031|-1.184594114|0.10967186118478|7.9735|0.0121|94.6685|44.8870425399064|0.979886976368995|0.363250538065686|-0.0824328497667238|0.366176932906021|43.36454|4.4356|-0.249815271327161
aC-CH2|0.5298|0.0821|-9.3278|0.004172414|-12.7888197956378|-0.0147|0.9449|1.5260391622478|0.174796848669985|15.8122851557711|0.0232173464797607|-5.040571368|-4.198973942|-3.10440166207299|11.8635|0.0213|78.6325|44.330088902816|1.51679316909368|0.648842705463101|-0.188532836647916|-0.0310572775442909|24.71935|2.8182|-0.283982016574388
aC-CH|0.6835|0.4545|-9.0233|0.001974299|-10|-0.3962|0.2543|0.605338602138659|-0.649066072425981|49.5179142773632|0.0177150481873952|-13.62226924|-5.231776986|-7.09602819021311|12.1461|0.0242|78.6091|24.0380764302024|1.51967080060053|0.552415925140281|-0.27225460244495|-0.914152641502593|-4.58874|0|0.759689366731711
aC-C|0.847|0.4264|-8.7328|0.001511822|-20|-0.5727|-0.2719|2.50078569773632|-1.53234520691832|91.7537710008262|0.0101137675239769|-21.25435893|-8.088787868|-7.71880267154114|7.1936|0.0341|68.2761|16.4580095780561|0.458720852147791|0.0377741218311713|-0.427188916730025|-0.798405965903385|-9.57063|4.6514|1.16616411676281
aC-CH=CH2|1.3057|0.1599|-14.0398|0.004420343|-7.76117160818037|1.2457|1.925|0.530566459374427|0.245819950112235|69.8654145668525|0.039495351791583|3.014650309|-2.438527779|0.668451809243506|14.829|0.0189|116.8456|137.521830971302|1.50755697113893|0.776676293614665|0.597929806321628|1.19824240884225|61.42512|9.8956|-0.246013171283628
aC-CH=CH|0.8924|0.09|-14.4421|0.005613689|10|1.8394|1.9128|2.19472252987907|1.43281491784617|111.694242503037|0.028611844048347|-4.688584498|-2.093442832|-3.8670815571581|22.0531|0.028|106.7447|123.79593972112|6.73461678325223|-0.683914999368844|1.06178774614606|0.204489168|43.93569|0|0
aC-C=CH2|0.9316|-0.6814|-14.2994|0.004026666|10|1.3068|1.4666|0|0.898613814484875|109.564384206094|0.0295925515548027|0|0|0|16.6811|0.0266|94.3026|127.195935220619|2.14682891282488|0|0.128888132468778|-0.28851553333785|34.72293|0|-0.567792530418659
aC-C≡CH|0.9306|0|-13.667|0.000888708|-7.9111948157392|1.8603|1.8337|0|0.113349895364897|250.712809591538|0.033273292738436|3.233667103|-1.79489004|0.160835242223751|16.9735|0.0102|85.9776|288.360944886331|0|0|0|0|60.52635|0|0
aC-C≡C|1.2057|-0.368|-14.4769|7.23E-04|0|5.0389|2.0843|0|-0.442211115379461|251.3292|0|-4.35494023|0|-2.92424410716349|0|0|0|0|0|0|0|0|0|0|0
OH|-1.0185|-0.1955|-5.1862|0.018015795|4.82800682035948|3.2702|2.1385|0.522410581904524|4.209092793737|-193.340964732856|0.00323841645453582|8.050254289|5.237893841|11.701388405963|10.1673|-0.0146|19.686|-129.13553659789|-0.548314102057688|-0.616361796008291|0.0528928686856433|0.180827337248062|88.1365|16.4887|0.185623721786925
aC-OH|-0.0081|0.0705|-9.6989|0.011883837|49.0440887518731|5.1868|2.5726|2.40024462192559|3.18439953628196|-175.152254889485|0.0153932275508952|3.339872399|1.324448885|8.29872795993055|24.0563|-0.0125|42.4182|-109.737501180204|6.64943604915408|0.307936601602861|0.431976907646345|-0.462388986358164|99.6853|15.7442|0.396383029021696
COOH|-0.9393|0.032|-14.8398|0.020605792|47.709982666344|7.1886|4.0158|-2.80999869051027|4.18995733593829|-411.852876121273|0.020154750604928|8.417186464|3.14003332|8.42846662416384|30.6324|-0.004|81.8277|-329.868113019893|4.24754662373065|-0.656687038828638|0.139850462897686|-1.35604058140326|128.6009|0|1.07650581281472
aC-COOH|0.1389|0.0391|-19.4187|0.021837538|0.392761970145521|14.2024|4.6109|-1.46761176572431|2.69230555235799|-370.918030282032|0.0506877911747856|3.085158034|0.987145811|4.16805513746695|43.9599|0.0088|102.5828|-287.563318405783|10.7990146446851|0.078895282961026|0|-1.36239467184639|163.9821|0|0.666623109064509
CH3CO|-0.3774|-0.0172|-14.2841|0.007655577|4.1969563636686|3.1357|2.6245|0.86516802981464|1.0263189802874|-191.550372521298|0.0343422967267559|8.110686087|6.382268497|3.4395811401709|14.1935|0.0072|120.0335|-106.568164200343|2.8107109707006|-0.0416979767281096|0.48614586954414|0.163293048648705|89.222|9.619|-0.0349566748303074
CH2CO|-0.1855|0.1931|-14.6443|0.007955302|0|2.9007|2.0151|2.46598173463885|1.29871264180835|-154.892518889981|0.0282239718000862|0.537063287|1.270634946|-0.0616709217305915|15.1212|0.0124|120.5818|-112.600433324419|6.40015401359531|-0.513208560241516|-0.0234217624627419|-0.888748601460473|61.83936|10.1585|0.66456223594344
CHCO|0.2045|0.413|-15.1578|0.009125832|0|1.4295|1.3147|0|0|-112.966996814066|0.0205325353032002|0|0|0|14.7966|0.0254|107.4178|0|7.36055516178496|0|-0.0465796283495987|0|0|9.1433|0
CCO|0.1934|1.1655|-14.0177|0.001222666|0|1.906|0.7443|0|-1.47709842089461|-0.362134544252683|0.027969034358822|-15.75961892|0|0|0|0|0|0|0|0|0|0|0|1.4869|1
aC-CO|-0.0915|0.219|-14.114|0.00892742|10|2.5839|2.3558|-0.212116031408868|1.37993451261324|-105.024699718675|0.021735261303417|-3.864843875|0.085803555|-0.510436126677101|29.9399|0.0156|67.386|-86.2308499999319|2.63664240773453|0.1244866013886|0|-1.03162647497804|73.37483|0|0.871847730926772
CHO|-0.785|-0.1338|-9.3615|0.00789651|-94.139596554473|2.9884|2.1663|-0.762043289496774|1.43402639956179|-145.013425206649|0.0169246783390147|7.841096657|7.872649773|5.39741375974855|11.2211|-0.0046|55.0894|-88.1783337793054|7.12478136768694|0.477063986760611|-0.293020317848701|-0.309378205670848|71.84427|9.302|0.795119642978426
aC-CHO|-0.1009|-0.0626|-14.4954|0.010225183|-10|3.0709|2.7098|-0.190583619124709|2.30301478491697|-113.879997119014|0.024624372033091|3.727321673|3.748833823|2.50448580075919|25.437|0.011|102.5369|-58.5888602116322|0.0775610084402221|0.871256523121438|0|-1.26510713152256|91.59194|0|0
CH3COO|-0.4615|-0.1734|-19.9009|0.011079021|42.3189220065593|2.4227|2.5805|0.252155232964583|0.7129918856659|-401.812510268064|0.0423954645467081|8.160617968|2.040478196|5.3031139683735|12.9825|0.0149|138.8535|-291.66838150638|3.82040848848096|0.376943709645593|0.392900237681605|-0.00702952207722241|80.03411|13.0656|-0.0678725387614086
CH2COO|-0.2893|-0.0357|-19.7361|0.010865541|30|1.5439|2.1808|0.51457141548417|1.12572058141143|-359.103523584052|0.0363309515938086|0.514842418|0.259466285|2.66003582843311|15.6211|0.0175|132.7591|-294.299946650863|7.26637799776914|0.214264495388391|0.206573565464306|0.011971337|49.74772|13.5635|1
CHCOO|-0.3862|0.1329|-19.3313|0.008663046|20|1.013|1.5283|-4.17621402685165|1.30381432687042|-327.620256517949|0.0290724504855859|-7.263902755|-2.869713349|-0.710332320964218|15.3752|0.0224|134.6872|-308.251871602966|0|-0.256021642942344|0.198138851148099|0|34.13892|11.1043|0
CCOO|0.105|0.3242|-19.3558|0.009189967|0|0.5572|0.6985|0|0|0|0.0229055227138746|-13.18968589|-13.70214802|-10.5488356481023|0|0|0|0|0|-2.01548423542514|0|0|0|9.0957|0
HCOO|-0.7585|-0.0612|-15.4178|0.008621649|20|2.3697|2.2411|0|1.09216927827966|-344.837835832434|0.0252645595213728|7.923006358|4.815757105|6.96010551751373|11.5499|-0.0028|82.1238|-265.268337696004|3.3806129490197|0|0.519320629818644|0|66.04111|10.8115|0.103504936440806
aC-COO|-0.0459|-0.0431|-19.3244|0.007511177|26.5286252305038|1.5433|2.1906|-0.905801460717612|1.40997511571814|-301.376291651528|0.0307676298492976|-5.049670703|-0.386215568|-0.0162362347102914|20.7712|0.0205|95.8996|-281.607018880831|4.20063692364658|0.250917493903379|0.0415523153804505|-1.14774067362052|55.80974|15.6863|1.18414564354642
aC-OOCH|-0.3394|-0.2398|0|0|0|0|0|0|0|0|0|0|0|0|0|0|0|0|0|0|0|0|0|0|0
aC-OOC|-0.2187|0.4845|-19.5174|0.009076926|0|3.6591|2.1165|0.747171915921967|2.07925662021957|0|0|-3.649426955|-2.090123643|-0.0216096085672048|23.6575|0.0211|131.3026|-349.670840434797|0|1.12179770896192|0|-3.712329516|0|0|1
COO except as above|-0.4766|0.0657|-14.9256|0.015180412|13.9571977771514|1.6224|1.6694|-0.450930448173892|2.98052475445903|-300.446580163235|0.0202224708026941|0.422039763|2.20429601|2.90533053815342|11.7021|0.005|80.26|-187.900197436942|6.69634814438605|0.699696990678986|-0.287231253018629|-1.31141622786033|59.05515|11.2832|-0.0323903355344661
CH3O|-0.303|-0.0259|-10.1615|0.005545598|-53.8296876874764|1.5327|1.5724|-1.0852132488958|-0.370683669768709|-174.304784701331|0.0279652836600137|7.63170335|3.215419817|3.39682243392411|5.6588|0.0035|77.1882|-80.5684420486312|0.980439322282532|-0.264121415209843|0.158038222487317|0.174964039883755|49.07557|5.6432|0.467312309768749
CH2O|-0.1449|0.0974|-9.9546|0.006390813|-38.4906713029092|0.7649|0.9999|-0.228073867806074|0.328492860700806|-146.881539113798|0.0230000384757862|0.170577274|0.513709334|0.693391094432705|6.2957|0.0112|72.8224|-97.2999289012272|3.55151827323536|-0.364963574619366|-0.136112652345958|-0.135251620637677|31.28172|5.1006|0.138513515486957
CH-O|0.165|0.4987|-9.8757|0.002956899|10|0.1817|0.4724|-10.9925447981674|0|-120.765966528012|0.0177612438948462|-7.617425557|-2.709258016|-1.9685551769313|5.486|0.0502|77.4178|0|7.23054609971072|-0.529020744576312|-0.498564098700448|-0.144751899766577|-20.1576|4.3695|0.0490888300150407
C-O|0.8028|0.2275|-9.2509|0.003690349|0|0.0556|-0.149|0|1.19331844998537|-64.9097879967567|0.0054039827343409|0|0|0|7.49|0.0455|70.7497|-96.5032653790839|8.19830979088941|0|0|-0.864763824501388|0.000001|3.5593|0
aC-O|-0.0128|0.1839|-9.6929|0.006786899|10|1.3409|1.2119|0.53442883606408|1.88415213178227|-84.5211535752427|0.00992004491731327|-4.417069076|-1.297502718|0.0145046992769353|13.0936|0.0104|33.6376|-70.1206722467523|-0.00148055088216914|-0.0455090044903313|-0.556818845515965|-0.181038793085201|2.337255|8.0941|1.01464528014159
CH2NH2|-1.465|0.045|-9.5161|0.010417111|-7.22369591430677|3.4368|2.3212|1.55109086205857|1.20651770958295|-29.3576318087209|0.0259257833746266|8.199483671|5.210115923|6.53433045322802|12.9223|-0.0043|111.9231|78.0316156048704|7.55295145176863|0.0864865837223968|-0.322159321523524|0.326466079904327|58.0691|10.6011|0.745924986674168
CHNH2|-1.7988|0.3764|-10.1966|0.01014046|10|37.8806|1.5629|1.68417343946157|1.07646493383831|1.88589989439679|0.0209581602299878|-0.381202279|0.561564453|2.89533573412038|11.2234|0.0057|75.8207|65.6200159221253|3.43873923613975|0.00277486962291718|-0.604454557973142|0|18.2867|8.1472|1
CNH2|-1.4858|0.4151|-8.7982|0.005341313|0|11.4243|1.0473|2.7607114682437|0.675879403056911|34.6969849819877|0.0149975469131254|0|0|0|11.0799|0.0198|89.1457|56.6385948198653|-0.451234193033717|1.06617938610146|0|0|0|9.4272|0
CH3NH|-0.6853|-0.0593|-9.5708|0.007104706|0|2.7205|1.9861|1.79958288078115|0.57273638056509|3.37793147296725|0.0278247529541031|7.730690728|2.506475572|7.45600083556584|10.6027|0.003|92.8081|112.921575865307|0|-0.690907909|-0.00842683176138744|0|54.99612|9.5323|1
CH2NH|-0.9465|0.2571|-9.2845|0.009632649|-16.3342422358448|2.0673|1.3838|1.36423667221061|0.557421766478242|29.1937647743476|0.0252025764994733|0.022312962|-0.715870951|1.96956121922322|9.7537|0.0154|103.0971|95.0977878663525|6.53179513040033|0.277267966186624|0.0549178476661452|-0.400899282251206|23.21874|7.2608|0.810232376456732
CHNH|-0.4419|0.2506|-8.8957|0.009129641|-10|1.6571|0.7116|4.37542760090384|0.349173499508157|48.432956768619|0.0178384011110065|-7.537742053|-4.669381014|-2.39663643564003|8.7789|0.0199|109.4178|67.5477774106446|2.71054859837906|0|0|0|1.466112|5.0019|1
CH3N|-0.3519|0.3338|-9.5015|0.004852476|-10|0.9396|1.0505|1.2582814209253|-0.0830895837962231|53.2657108667184|0.0264245305730959|0.34935197|-0.425028157|2.45847575607843|8.1028|0.0152|87.8679|120.867116895595|3.96955840134615|0.180681149161692|-0.446416883173067|-0.466499904054714|49.54547|4.4346|0.334567522272333
CH2N|-0.6373|0.4337|-9.3647|0.006743041|-10|-0.1982|0.4199|2.07567258485869|-0.278154722531141|79.8495279296512|0.0192899398021131|-6.723185483|-0.73540952|-7.30141323709229|7.5227|0.0383|85.6666|103.270240245784|2.80244721685736|-0.834349795659291|-0.419735475755067|-1.52989857268579|-14.1588|5.6474|1.16235154820673
aC-NH2|-0.2684|0.1189|-9.8417|0.009568329|-9.20029973082627|4.3691|2.895|-0.704208513483536|3.13743311225676|7.98409326713282|0.0187576889048176|4.372614567|1.976657423|6.50164989215018|27.9618|-0.0007|70.7212|88.5245675537847|4.4574520264474|-0.0421751627858007|0|-0.488780078482374|115.8123|13.3649|1.42840477788264
aC-NH|0.3784|0.1796|-9.708|0.008855728|10|2.2171|1.9748|-0.0242305793271953|1.84570719517842|74.5567323131625|0.0111402965991634|-3.962266911|-2.674489887|3.31933053426519|27.0506|0.006|70.4515|114.229155612041|1.6566119822125|0.0512900433360639|0|-0.793283220195835|54.6488|0|1.08763017274128
aC-N|0.0704|0.2682|-9.5308|0.004885263|-20|1.8403|1.2017|0.702695166499552|1.94625003340511|135.337967750819|0|0|0|0|18.8267|0.0175|101.6276|151.127557631571|5.12587979920111|0.153665659271689|0|-0.794963173520415|2.59E+01|0|1
NH2 except as above|-0.7775|0.013|-5.2748|0.006621536|-8.44151462601245|3.5553|1.8748|0.543810279960326|4.69689323762449|26.4749000536975|0.00839273207657665|9.093613182|6.355470931|8.75296471550923|9.4911|-0.0202|47.65|0|1.68315624827045|0.318155560025951|-0.447372250507992|-0.210174190088381|80.38685|9.5708|0.079027625480654
CH=N|0.1666|0.1706|-9.5889|0|0|9.6493|1.1381|0.157765971207823|0|0|0|0|0|0|0|0|0|0|0|2.72309202645623|0|0.40443288946829|0|0|0
C=N|0.6829|0.2576|-8.8434|0|0|1.5618|0.8619|-1.26097528581647|-4.1141351688789|0|0|-8.128213041|-3.222877341|-3.21823771925994|0|0|0|0|0|1.9668529759971|0|-1.52246438903713|0|0|0
CH2CN|-0.4782|-0.0168|-13.5365|0.01227392|50|2.7022|3.5887|-4.61891027625006|3.87783269726634|73.7644069138841|0.031107176272444|8.564307716|10.82636173|3.31557321566348|26.0365|0.0048|136.0537|143.132017756988|1.07040873023502|0.0807730965194877|0|-0.044134639535982|98.11253|15.6253|0.758865480866509
CHCN|-0.032|1.0312|-13.2307|0.011602749|0|1.837|2.8741|0|3.68878210874244|109.834991539766|0.0254203275603562|1.313001049|4.199132008|1.75836439495246|21.2156|0.0169|134.7729|137.379638745168|6.21874021414029|3.41784109645763|0|-0.552409289|0|12.8298|1
CCN|-0.2908|0.7798|-12.9126|0.00690651|0|2.6597|2.0085|-0.474426764949089|2.49095886328366|103.917885727215|0.019454842400019|-7.757475666|-0.883248462|0.476090121441888|18.0027|0.0269|131.0479|65.5877483305216|4.2676993670736|1.05622331003635|0|0|42.95855|10.7683|0
aC-CN|-0.0376|0.1041|-13.5595|0.008461182|0|5.1372|3.1428|-0.577501061543217|3.10354412805271|150.116726007763|0.0132602049247787|3.437036632|4.803017975|0.704116075247819|29.197|0.0113|92.9776|187.330992261373|1.42758575850411|0.0866851939757677|0|-0.36212629519706|0|17.0956|0
CN except as above|-0.0185|0.3921|-9.2357|0.007068963|20|3.4753|2.6954|-6.38596671922134|3.05650265088474|149.710636356276|0.0142171013161935|8.15382964|9.631710679|2.94325237654862|14.6317|0|76.141|102.444124201547|1.26492398360117|-0.344336386119207|0.55609703544359|1.92558239227464|95.89435|12.5795|0.511196011616581
CH2NCO|0|0.0453|0|0.012170063|0|0|2.922|0|0|0|0.0395983823458711|7.801745154|9.696271238|0.289213792221732|0|0|0|0|0|0|0|0|0|0|1.96838773417486
CHNCO|0|0|0|0|0|0|2.374|0|0|0|0|0|0|0|0|0|0|0|0|0|0|0|0|0|0
CNCO|0|0|0|0|0|10.1488|0|0|0|0|0|0|0|0|0|0|0|0|0|0|0|0|0|0|0
aC-NCO|0|-0.1489|0|0.009206753|0|2.5263|2.4141|0|1.38470917884237|-25.1871733767682|0.0333704594356872|3.498843164|1.183651601|2.15541747380901|17.114|0.0146|127.5953|-61.0155606365386|0|0.0402187936417179|0.308915662696456|0|0|0|1.52829959445139
CH2NO2|-0.1906|0.1374|-20.3294|0.013133272|0|2.8903|3.7481|1.81536932045879|3.96396294471741|-81.7063348086236|0.0326611058134509|8.917757305|11.36595291|3.58155869250339|24.3244|0.0009|147.1546|36.8816357015471|5.70056062673864|0|1.06342247189166|0|116.3318|19.593|0.127098602513437
CHNO2|-0.1587|0.6535|-20.6143|0.013449266|10|0.8742|2.944|0|4.16065741897806|-53.4388665249453|0.0245892154237136|0.88852331|6.522570924|0.709776631117637|24.1232|0.0073|142.8207|20.9796988467887|0|0|0|-1.39687363167926|80.97172|17.2398|1
CNO2|-0.0837|1.1115|-18.8805|-0.008252646|0|6.6444|2.2443|0|0.025540383403677|-22.0051080251304|0|-6.857007922|0.344549962|-0.594031752896948|0|0|0|0|0|1.46314132162302|0|0|0|-24.2443|0.47661393868425
aC-NO2|0.1414|0.2627|-20.3307|0.012278372|-15.911182216502|4.5166|3.5108|-1.16801404098737|2.82647931610015|-23.0872061897683|0.0295519453624742|3.730192663|2.868920578|1.47157181827472|33.7161|0.0097|122.7916|76.52457220725|5.49150340123468|0.653757419074249|1.41036211183416|-0.0949367660470361|122.0053|0|1.02293184639852
NO2 except as above|-0.3574|-0.032|-16.4594|0.013166624|2.46606072178811|3.4486|2.9569|-3.81727564550965|0.076621150211031|-50.3470329039222|0.0154152134915104|7.536769826|3.88573575|2.70069577442881|24.358|0|0|0|0|1.13692438081087|0|0|125.0565|16.5196|0.42984181605275
ONO|0|0.8495|0|0|0|0|1.7563|1.86335538353762|0|0|0|0|0|0|0|0|0|0|0|0|0|0|0|0|0
ONO2|0.0183|0.2883|-21.5057|0.015747416|-30|2.5055|2.7717|0|2.18836136013647|-112.596829976919|0.0278360716513637|8.003191678|7.482969705|2.59134815769699|0|0|0|0|4.54312153687402|-0.0776163095368716|0|0|0|0|0.623298287139115
HCON(CH2)2|0|0|-22.5375|0|0|0|4.5451|0|5.16086131862392|0|0|0.758037296|5.875340599|1.60914069331488|0|0|0|0|0|-0.273511334|0|0|0|0|0
HCONHCH2|-1.5813|0|-19.5759|0|0|0|5.9827|0|10.9787899063077|0|0|9.601745154|7.696271238|11.7899925083115|0|0|0|0|0|0|0|0|0|0|0
CONH2|-1.3025|0.1678|-14.6677|0.014803127|0|12.1011|5.3258|-2.3131862576796|10.5745088704995|-217.332409144237|0.00661211679678653|9.088818186|9.032914132|10.0909484278518|64.8591|-0.0166|128.4957|-114.868263677835|10|-0.209934089355256|0|0|0|0|1
CONHCH3|-0.504|1.0423|-19.5825|0.015987736|0|6.4777|4.2507|0|9.78394942876743|-219.084860949995|0|7.401745154|1.996271238|3.49008559858465|50.9596|0.0021|180.4957|-90.2684367646288|10|1.21764715474649|0|-1.35566182935978|0|0|0
CONHCH2|-0.8272|0.1446|-19.3632|0|0|5.0152|5.1104|0|8.66094942164105|-179.271838051544|0|0|0|0|0|0|0|0|0|1.12294923568002|0|-0.656947311614|0|0|0
CON(CH3)2|-0.3265|0.7419|-23.9555|0.012412863|-10|3.7968|4.7928|0|0|-204.079758221494|0.0523251615213963|9.004018648|8.9126703|6.804570346|36.32|0.0176|234.4957|-43.768344025191|6.26043026419495|-0.594294640392273|0|2.75005339271776|153.0505|0|1
CONCH3CH2|-0.7826|0|-23.7463|0|0|2.119|0|0|0|0|0|0|0|0|0|0|0|0|0|0|0|0|0|0|0
CON(CH2)2|-0.3486|0.3286|-23.5108|0|0|2.3854|3.4965|2.2434921570748|0|0|0|-6.394764537|4.388813715|0.868606451|0|0|0|0|0|-0.557712876827355|0|-1.52929252100064|0|0|0
CONHCO|-1.8638|0.583|-24.414|0|0|9.5767|5.8523|0|0|0|0|0|0|0|0|0|0|0|0|0|0|0|0|0|0
CONCO|-1.0103|0.4392|-23.717|0|0|3.6218|4.1284|0|0|0|0|0|0|0|0|0|0|0|0|1.469819311|0|0|0|0|0
aC-CONH2|-1.0168|0.2374|-19.1965|0.017465905|0|14.9334|6.3545|-0.809191136581951|0|-167.8646|0|5.633667103|10.10510996|7.353094408|0|0|0|0|10|-0.465738886255988|0|0|0|0|0
aC-NH(CO)H|-0.3782|0.294|-18.3534|0.016783875|0|6.4873|5.7016|0|6.02049987704369|-131.12|0|0|0|0|57.271|0.0132|135.9776|-19.2390602110933|6.15757774306386|0.000743145454764071|0|0|0|0|0
aC-N(CO)H|-0.6462|0.4427|0|0|0|3.9043|3.8073|0|0|0|0|0|0|0|0|0|0|0|0|-0.162304782335514|0|0|0|0|0
aC-CONH|-0.5608|0.0444|-18.6958|0|0|7.9133|5.5102|0.358287287580424|0|0|0|0|0|0|0|0|0|0|6.58696820967986|1.13225049754658|0|-1.61797402867332|0|0|0
aC-NHCO|-0.2977|0.0436|-18.9709|0.017931062|0|9.5142|5.4143|0.32627548072378|3.25593597442516|0|0.0303607864986927|-4.004465488|4.029838406|3.80276315|0|0|0|0|3.54649351090863|-0.10244261915649|0|-1.33782691001545|90.04359|0|0
aC-(N)CO|-1.1225|0.2094|-18.1536|0|0|6.8188|0|0|0.114435806145699|0|0|0|0|0|0|0|0|0|0|0.031041296279411|0|-2.38924435209673|0|0|0
NHCONH|-1.2694|0.1069|-20.4704|0|0|9.9235|0|-0.0870065062672438|0|0|0|0|0|0|0|0|0|0|5.14326049589561|0|0|-2.868355899|0|0|0
NH2CONH|-1.2441|-0.0066|-20.2551|0|0|14.4374|0|-0.645720043078882|0|0|0|10.91118181|5.567085868|8.160222053|0|0|0|0|7.5072752869264|0|0|0|0|0|0
NH2CON|-0.8436|0.7208|-19.6286|0|0|11.9495|0|0|0|0|0|0|0|0|0|0|0|0|9.26331891614778|0|0|0|0|0|0
NHCON|-0.4984|0.5454|-19.0554|0|0|8.0774|5.2529|-6.63138839043608|0|0|0|0|0|0|0|0|0|0|10|-1.194297893|0|0|0|0|0
NCON|-1.4325|0.4743|-17.1827|0|0|3.9673|2.7488|0|6.92494589988751|3.9697|0|-13.69301938|-1.014915047|2.158141935|0|0|0|0|10|0|0|0|0|0|0
aC-NHCONH2|-0.6146|0.0291|-24.4105|0|0|18.9947|4.4378|0|0|0|0|0|0|0|0|0|0|0|10|0|0|0|0|0|0
aC-NHCONH|-0.0958|0.0802|-24.9922|0|0|23.7375|0.7622|3.24239428716942|0|0|0|0|0|0|0|0|0|0|9.09197022861124|-1.719616352|0|-1.186337389|0|0|0
NHCO except as above|-1.0853|0.1199|-14.2024|0|0|4.3405|0|-0.933456094092435|0|0|0|0|0|0|0|0|0|0|0|0.577982751|0|0.404888428|0|0|0
CH2Cl|0.6337|0.3896|-17.3359|0.004102778|20|1.9141|2.2351|-1.04172723047668|1.23715252583497|-90.5001|0.0314991666528673|8.856928782|4.328805774|2.30834478476943|11.9702|0.0049|102.1071|-13.3682924842842|0.500449926955543|0.628498643|0.30072145740711|0.382730363|61.48282|8.9579|0.712417787476176
CHCl|0.9663|0.2054|-17.1019|0.003631559|10|1.2675|1.5459|-0.488271976835118|0|-59.0452|0.0273781801728|0.680474567|2.489715932|-0.682716163520314|11.5936|0.0076|100.5343|-28.9598750720468|0|0.049890775|0.668440912283996|0.298669045|31.74105|6.2408|-0.48061220960387
CCl|0.6949|0.2454|-17.0334|0.001514102|0|1.5407|0.955|0|0.257593737536027|-30.7499|0.0194147954018875|-7.372502857|0.770523296|-7.05230451730928|9.0702|0.0184|96.1457|-36.2114168159695|0.75874505736898|0|0|0|0|3.395|0
CHCl2|0.9682|0.265|-29.1152|0.004259974|30|2.5271|2.7533|0|0.824996669304976|-86.4791|0.0449401953963281|9.234857778|3.363374542|2.61742669717438|16.924|0.0082|149.4565|-13.0883066437007|1.82071025827332|0.553672016|1.33754332957811|0.419189822|88.83183|11.2353|0.136259522981855
CCl2|0.8876|-0.058|-28.3154|0|0|3.3617|2.1881|-1.49834587734894|0.280927542643639|-86.4414|0|1.066887376|1.032896697|-1.52922881319541|0|0|0|0|-0.0404286696345281|1.208718279|0|1.033043545|0|0|0
CCl3|1.7802|0.3039|-41.6097|0.003745984|10|4.2995|3.1119|0.615387661261747|-0.197710510589957|-121.5922|0.0618859274471009|9.902143259|2.068141287|0.121491263787152|18.9946|0.0128|194.4957|-31.4782689495573|-1.59949038852782|1.424268675|2.75122500424032|1.066198201|0|12.2142|0.416582063431862
CH2F|-0.0374|2.162|-10.796|0.004996583|0|1.7066|1.5304|0|0.149694476379153|-243.6922|0.0260525960923998|7.385602352|4.361423824|-1.21114898690384|6.6907|-0.0015|77.4957|-167.56826828441|1.8505157769994|0|1.79516224907626|0|0|8.9293|0
CHF|-0.2019|0|-9.2501|-0.002747823|0|-0.0079|0|0|0|0|0.0190370406010503|-0.075052195|-1.06338531|-0.238423419606643|5.2654|-0.0371|0|0|0|0|0|0|0|0|0
CF|0|0|0|0|0|0|0|0|0|0|0|0|0|0|0|0|0|0|0|0|0|0|0|0|0
CHF2|1.1936|0.3702|-17.5991|0.005040257|0|1.9419|1.677|0|-0.402570040686057|-480.0922|0.0309348007907275|7.627653686|6.010318741|1.077077682|6.2521|0.0065|80.6485|-398.568331005184|1.72043624995013|0.893705569|1.46387726061187|0|0|0|0
CF2|0.786|0.1139|-18.6216|0.000688498|0|0.371|0.4099|0.0312523445420538|-0.181660622977802|0|0.0248893962923029|-0.725132117|0|0|2.353|0.0089|93.6941|0|0|0.122839015|0|0.641448921|0|2.3811|-0.798645306752457
CF3|0.8799|1.3466|-24.1014|0.009490572|0|1.1201|1.1029|0.754039512004511|-2.72812334175234|-684.9514|0.0415504051500411|7.812830292|3.11330838|2.014947192|1.1504|0.0306|98.885|-596.81832226728|-1.42421169540494|0.574627554|0.781627829115913|0.528940161|0|0.8118|0.273859707878843
CCl2F|1.6157|-0.2211|-36.0704|0.003974792|0|3.3808|2.1877|0|-1.73651908837397|-316.5747|0.0555854334606156|7.078953689|-1.063113063|0|9.2822|0.0111|161.1293|0|0|0|2.46385086536793|0.930516534|0|4.845|-1.50954194975826
HCClF|0.5822|-0.4169|-23.5774|0.003526042|20|1.2161|1.8183|0|-1.08778018829662|0|0.0406304314850547|7.747508111|0.338917179|3.82523463|0|0|0|0|0|0|1.96355170542653|0|0|7.0528|-1.58185959853948
CClF2|1.1337|0.1143|-30.0684|0.004361326|10|1.824|1.5105|0|-2.34845083944019|-484.9514|0.0508158296649985|6.564209262|1.252622613|0|5.3326|0.0238|135.9554|-388.918244131811|-2.10926534073351|0|2.4638188441812|0.694157908|0|6.8539|-0.617787407940307
aC-Cl|0.8999|0.1991|-17.1355|0.002950779|33.3607267886831|1.9748|1.6978|-0.261375588443116|0.878984978311422|-22.9933|0.0268018444562945|3.633375925|0.559547073|0.623847369|16.8718|0.0081|79.3282|23.6868652428744|3.17162888088237|0.631102562|0.696091700986525|0.583607938|65.18904|6.5214|0.129547684649822
aC-F|0.3494|0.2812|-11.0066|0.002591299|0|0.9178|0.6956|0.0125414529020418|-0.231006868920907|-166.3727|0.0168259447846613|2.965320873|0.414436763|0.27667136|2.8684|0.0066|50.4045|-137.056097970399|0.976938768258727|0.331410512|0.31603111732046|0.611634439|0|2.781|0
aC-I|0.7981|0.2841|-47.8855|0.001889769|0|2.468|2.9857|-0.280879303130405|1.75399896946942|88.98|0.0347157315322989|3.933667103|1.40510996|2.253094408|34.135|0.0061|104.9776|116.66093619662|0.297567513489171|0.946770548|0|0.721319224|0|0|0
aC-Br|0.9655|0.492|-32.2539|0.002563482|10|2.5918|2.2711|-0.870669180818368|1.25243978235014|32.8088|0.0288381786060108|4.011761742|1.762110587|1.674431157|17.4679|0.0028|79.9336|64.9909585484642|1.37757931822004|0.800707502|0|0.441952367|80.66315|0|0
-I except as above|0.7383|0.4522|-43.7256|0.001831774|0|2.4184|2.6464|-0.350570270226311|1.11946623851155|65.3679|0.0247222091486149|9.29125653|2.879422914|3.740061932|17.5564|-0.0081|94.0868|55.8315854077455|1.92910767301822|0.902324199|0|0|0|9.6749|1
-Br except as above|0.4456|0.397|-27.603|0.001974991|-6.76082428738776|1.9506|2.0032|0|0.889976441170063|-22.4437|0.0204782603210849|9.279115749|3.394413712|2.978771467|11.7189|-0.0154|67.825|14.6616791205456|0.252615906633498|0.683256046|0.934991432|0.630412955|72.8523|6.4258|0.291395899360612
-F except as above|0.0816|-0.0353|-6.6241|0.001711564|0|0.941|0.7259|0.650610778957343|-0.200518147941182|-282.7819|0.0130291548207238|6.446437782|4.775633756|5.13538012|-0.3201|-0.0023|15.5722|-84.4839647097863|0.339946438309222|0.214022441|0.527312754|0.023669618|0|-0.2776|0.397186230556591
-Cl except as above|0.3245|0.0133|-12.4658|0.001767453|22.1414974614429|1.4383|1.355|-1.36276897828053|0.420372633859188|-62.5179|0.0175324690447067|8.052491889|2.761082821|1.87476537|5.2618|-0.0073|46.2125|-23.168509528002|1.6210860296572|0.544407595|1.477448466|0.49388581|33.34077|4.262|0.367762666269159
CHNOH|-0.1279|0.2486|-15.5688|0.026207987|0|4.1895|3.7873|0|0|0|0.0217858196912921|8.701745154|1.696271238|17.98953548|0|0|0|0|0|0.657985946|0|0|0|0|0
CNOH|-0.5409|0.132|-14.8149|0|0|4.4116|3.1862|5.56056302369711|0|0|0|0.304627055|-0.224257993|5.036588399|0|0|0|0|0|-0.390453254|0|-1.249452958|0|0|0
aC-CHNOH|-0.0934|0.9452|0|0|0|9.8629|0|0|0|0|0|0|0|0|0|0|0|0|0|1.358431602|0|0|0|0|0
OCH2CH2OH|-1.0987|-0.1547|-19.6115|0.021281715|-70|2.4711|3.855|7.82522967612272|3.62180101698016|-360.3639|0.0416028193709606|8.302723544|5.711312233|9.956167186|19.604|0.0083|149.0103|-220.06842324352|3.87257311605922|-1.217958683|0.000419494|-0.572965834|131.2719|21.5721|0.323964881544635
OCHCH2OH|-0.7924|0.0366|-19.2869|0.027879326|0|10.7229|3.1854|0|0|0|0.0378711321207467|0.312128774|-1.57342884|5.116683751|0|0|0|0|0|0|-0.15259706|0|0|0|0
OCH2CHOH|-0.6665|0.0275|-19.5555|0.022463672|0|1.9288|2.8513|1.74695820168518|4.36063203257513|-301.9888|0.0384574278506353|0.088116399|0.718154723|4.851218693|17.9277|0.0136|148.1113|-211.076919514202|6.48367653359645|0.028954974|-0.180757792|0|0|0|0.428030062659242
-O-OH|0|0.1372|-10.3102|0.025739467|-10|4.1185|3.0402|0.464787346468484|7.09795358256376|-142.8582|0.00944690346483484|7.401745154|12.69627124|27.78953548|10.9864|-0.0132|49.7748|-63.0085119296307|0|0|0.305204341|0|21.80592|0|0
CH2SH|0.4238|0.4204|-16.6831|0.004184828|-10|2.1968|2.6797|0.410457625329059|0.590870682067745|-25.7589|0.034081768041584|8.549414574|3.837358681|4.241513964|16.1811|0.0008|98.0676|39.7215696152501|5.07169509546043|1.833065185|0|-2.122206078|66.47347|10.4441|2.18484953788843
CHSH|-0.0033|0.0476|-16.7708|0.003494119|0|0.8159|1.9567|0|0.658324100189501|10.4466|0.0286375921726327|1.361611817|1.922773767|2.267501285|15.0366|0.0022|108.8207|31.5996392231346|1.62646735219705|0.269454834|0|0|0|8.5222|0
CSH|-0.1311|-0.1342|-14.8742|0.002132027|0|5.3745|1.3166|0|0|44.7201|0.0222012754399816|0|0|0|15.2244|0.0146|103.1457|28.7685449617873|1.14875159308097|0|0|0|0|7.1115|0
aC-SH|0.5517|0.8198|-16.6828|0.002693623|0|2.831|2.5609|0.954479692422751|2.47081081522037|35.58|0.0254439872053118|4.458234251|0.070209592|4.57412558|25.5454|0.0027|88.9628|0|0.757561383152307|0|0|0|0|11.1256|1.80112541628779
-SH except as above|0.3627|-0.0389|-10.6945|0.002230335|0|2.4561|2.0936|2.10606788094196|2.84588178573194|0.72|0.0151267659774424|8.733889918|2.511756009|6.032613606|13.1916|-0.0166|51.4055|22.5155190156824|1.82040120656668|0.548924846|0|0|0|8.1071|1
CH3S|0.5282|0.4553|-16.4597|0.003694435|-10|1.9363|2.5139|-0.605609142096796|0.678913751896687|-19.0432|0.0359501358647774|8.800195202|3.618998014|3.250618055|14.4857|0.0001|111.1688|46.6416264625871|3.83065612579241|0.283619778|0|0.96275312|55.88694|9.5342|1
CH2S|0.4409|0.3767|-16.2943|0.004679421|0|0.9493|2.0027|1.55844507930215|0.87957512850835|20.8004|0.0289072608331099|0.729432145|-0.012996451|0.125060808|16.7767|0.0099|106.2861|39.5000179196713|3.41479927751314|0.539702785|0|-0.509307083|0|9.1391|0
CHS|0.7805|0.577|-15.843|0|0|0.9275|1.3865|0|0|0|0.0348847418078801|0|0|0|0|0|0|0|0|0.731337657|0|-0.78045686|0|7.4714|0
CS|1.3864|0.2262|-16.8443|0.003606688|0|1.7141|0.81|0|0|0|0.0134796114433489|0|0|0|0|0|0|0|0|1.170071602|0|0|0|4.6613|0
aC-S-|0.6057|0.3336|-15.7817|0.005309557|0|1.1686|1.8625|0.196900322260603|0|0|0|-3.564587743|-2.098618802|-1.357370108|28.7817|0.0113|0|0|0|1.008272789|0|-1.016642756|0|0|0
SO|-1.0179|0.1737|-14.869|0.001914168|-10|5.5058|4.8492|0|0|-66.8082|0.00907782607591057|1.789225599|7.463938567|3.744735164|53.1191|-0.0106|81.8207|-48.23995402646|0|-1.582583764|-0.553612965|-1.553209895|144.7965|0|1
SO2|-0.6102|0.3939|-21.8506|0.007025107|0|6.7916|5.1615|0.378515501168749|5.76513192377154|-301.7849|0.022196677650906|1.665971864|8.433482108|-0.332500093|48.1622|0.0002|87.8483|-254.599977652011|0|2.542452065|0|-1.030072403|0|0|1
SO3 (sulfite)|0.3189|-0.2231|-31.4604|0.014113397|0|0|2.97|0|2.60809713252993|-426.8647|0.0307103373553364|0|0|0|21.9243|0.003|114.6314|0|0|0|0|0|0|0|0
SO3 (Sulfonate)|-1.2718|0.3187|-26.8991|-0.004241494|0|6.1276|5.101|0|0|0|0|0.854018648|2.5126703|2.804570346|0|0|0|0|0|0.451272037|0|0|0|0|0
SO4 (Sulfate)|-0.8196|0.7967|-32.6492|0.007405009|0|3.9937|4.2212|0|4.00715031908014|-631.2647|0.0339434604384703|1.505763802|11.40894154|4.19410583|50.739|-0.0296|143.7272|-501.999938832319|0|0|0|0|139.0359|0|1
aC-SO|-0.6632|0.6778|-21.4786|0|0|5.2165|4.4416|-1.26296186242973|0|0|0|-3.796856477|6.436750686|-1.069481015|0|0|0|0|0|-0.50340666|0|-2.491817971|0|0|0
aC-SO2|-0.5006|0.0021|-25.8954|0|0|4.5946|0|-0.348576204700294|-5.28043623330514|0|0|-3.291791057|9.028514378|-0.319050257|0|0|120.2048|-152.101735423211|-0.778419827374479|0.406514584|0|-2.095993074|0|0|0
PH (phosphine)|0|0|0|0|0|0|0|0|0|0|0|0|0|0|0|0|0|0|0|0|0|0|0|0|0
P (Phospine)|0|0.595|0|0.002359244|0|0.3443|0.8503|-12.0293501744715|0|0|0|-5.757475666|-4.683248462|0|0|0|0|0|0|0|0|0|0|0|0
PO3 (Phospite)|-1.7413|0.4576|0|0|0|0|1.9015|0|0.748948949505194|0|0|0|0|0|0|0|0|0|0|0|0|-1.694319622|0|0|0
PHO3 (Phosponate)|-2.0081|0.0665|-25.9962|0|0|0.1112|4.3669|0|9.06094448272795|0|0|0|0|0|0|0|0|0|0|0.377323539|0|0|0|0|0
PO3 (Phosponate)|-1.0133|1.4048|-26.0106|0|0|0.5547|2.975|-0.535716770005854|0|0|0|-6.045863561|5.450387696|0.629148585|0|0|0|0|0|0.050650219|0|-2.981433195|0|0|0
PHO4 (Phospate)|-2.0272|0.05|-30.9428|0|0|3.067|0|0|0|0|0|0|0|0|0|0|0|0|0|1.533184188|0|-1.716711045|0|0|0
PO4 (Phospate)|-1.7943|1.811|-30.78|0.010677839|10|2.0934|2.627|0|3.20679623314632|-1036.0289|0.0308838898103432|-6.301008214|4.336605971|2.117644068|49.3123|0|94.2999|0|0|0.047250618|0|-2.027582361|88.47411|0|0
aC-PO4|-0.8714|1.1535|-36.5009|0.019044118|-10|-2.1633|0|0|0|-948.7215|0.0612582815260357|-13.44194069|1.737657112|-1.760755241|0|0|0|0|6.18050684596803|2.015327967|0|-1.233571663|7.225169|0|1.01871757748902
aC-P|0.8175|0.6937|0|-0.003855546|0|1.0341|0|0|0.0197888128553562|128.7785|0.0350010846145783|0|0|0|158.1164|0|-177.16|0|-3.53948753470687|0|0|0|0|0|0
CO3 (Carbonate)|-1.0785|0.4026|-20.0556|0.012434059|0|2.8869|2.2704|0|2.0413429991676|-500.7024|0.0243191332140885|0.105763802|0.658941538|2.39410583|16.9445|0.0066|101.7272|-447.850166182186|9.42959031816888|0|1.529312222|0|0|0|0
C2H3O|-0.495|0.1473|-14.0019|-0.00381036|10|1.424|2.5872|0|1.67181013234411|-140.225|0.0276179068653636|9.54802143|4.618421389|7.980111335|13.5396|0.0024|114.9011|38.5368249527271|0|0.81181508|0.757169404|0|74.91952|10.168|-0.39950975471375
C2H2O|0|-0.0635|-13.5542|0.001563054|10|-2.11|1.9387|0|0.184726497664707|0|0|4.63103577|4.093567979|2.065143483|15.4199|0.0037|193.8207|3.48406174729667|0|-1.443074651|0|0|43.42734|0|0
C2HO|-0.2313|-0.0608|-13.9569|0|0|-0.8025|0|0|0|0|0|0|0|0|0|0|0|0|0|0|0|0|0|0|0
CH2 (cyclic)|0.1818|0.0305|-4.9128|0.000928244|-18.845237806439|0.5067|0.7067|0.317739069221716|-0.113638761742095|-22.4553|0.0153656728510223|2.669279837|0.510442146|0.615916495|3.6309|0.0037|46.4028|24.506259050564|-0.429829065604423|0.103820333|0.043564428|0.242748944|17.96161|2.2775|-0.185763957566481
CH (cyclic)|0.2934|0.1009|-4.7455|-0.007765346|-7.34754509547494|0.2691|0.3922|-1.10646084603923|-0.512737709920771|-70.2123|0.00814101344629314|-3.690324641|-3.20646491|-0.517130073|4.7667|0.0113|39.919|-0.848423883743635|1.68229473811622|0.34208817|0.055522979|-0.232753316|7.587537|2.4151|0.41373082039268
C (cyclic)|0.2412|0.2675|-4.2661|-0.000219479|2.62199837765512|0.5775|-0.2034|-1.11503699258026|-0.570270139780405|89.7854|0.0885198328247802|-10.22286025|-2.620220756|-2.632938733|3.6897|0.0137|47.2221|-28.1307418970905|2.08609984675401|-0.699562214|0.010282225|-0.062359309|-24.2854|2.9031|-0.0264532481846942
CH=CH (cyclic)|0.3902|0.0342|-9.1455|0.002401777|47.2243441423849|1.237|1.388|-0.981312831190053|-0.113039261684833|57.8276|0.0250712621247954|7.18601329|0.748168241|1.977493869|6.467|0.0023|78.3373|93.2444801313129|-0.519211317360979|0.263412249|-0.176085916|0.640329084|26.98557|4.9731|0.407695896897504
CH=C (cyclic)|0.5383|0.1961|-9.0741|0.005884872|-16.3271775746033|0.783|0.9412|0.120322860777208|1.6925425891157|29.7633|0.0129369476176541|-1.166568265|3.307422079|-1.502504698|9.1584|0.0079|74.6735|50.6065230792214|2.33993650617258|0.992949008|-0.661277378|-1.063615249|33.09811|6.3925|-0.223549139883719
C=C (cyclic)|0.6519|0.3052|-9.1726|0.012689978|0|0.8144|0.6681|-0.399023333704235|-4.3887606173703|0|-0.00697727321460372|-7.556507885|-7.279620422|-17.01203801|0|0|0|0|0|1.431722735|0|-0.260636885|0|0|0.163262645958841
CH2=C (cyclic)|-0.2412|0.6753|-8.3601|0.00401438|-20|0.9182|1.2991|2.68081747186871|0.409219644950561|0|0.0245748844696973|7.20484555|4.287245375|2.416262023|10.0648|0.0034|89.611|93.0379064514797|1.31111720309157|1.10790068|-0.611991314|0.143782059|28.94569|-6.2213|-0.432549305445055
NH (cyclic)|-0.5426|0.1039|-5.0559|0.00471902|9.96308415759461|3.8454|1.73|0.49725010714883|2.53610980472608|43.5426|0.00431332847185628|4.938374858|2.54339154|3.408976571|9.1566|-0.0087|45.8306|38.4259633180868|4.59066585135947|-0.585561208|0|-0.474563883|65.6901|9.8928|0.980802424559989
N (cyclic)|-0.6373|0.1509|-4.1475|3.58E-05|0|0.6005|1.0768|-0.974613995707841|3.43676036960625|92.2971|0.000336613156597691|-3.183422112|-0.620221996|-0.676006215|7.2834|0.0008|33.44|29.4902958439094|-0.985569810476393|-0.509079711|-0.178137483|0.110955866|49.48785|0|0
CH=N (cyclic)|-0.1217|0.0247|-9.4054|0.002191915|0|5.0372|5.5183|-1.28226575955364|-1.63205185430533|52.7778|0.0178210340039047|7.570442053|10.76793898|6.256468251|24.3803|0.0259|0|0|2.97995920298428|0.02196419|0|0.371598134|0|5.69|0
C=N (cyclic)|0.105|0.1815|-9.3322|0.002102749|0|6.3416|4.9471|0.331234986920663|0|18.3043|0|0|0|0|0|0|0|0|0|0.173100644|0|-0.060258959|0|0|0
O (cyclic)|-0.4008|0.0485|-5.2684|0.004008944|-26.0369081011999|1.3269|0.8691|-0.309644228654179|1.40865385903072|-135.3785|0.00456326667198659|4.101876884|3.191039505|2.801985915|6.3363|-0.0061|13.9679|-124.830725632884|0.800426923619752|-0.344503098|0.182341861|-0.710418086|31.05788|4.7567|0.25420381742623
CO (cyclic)|-0.2971|0.0362|-9.703|0.009061955|27.1030434339763|3.4512|2.2409|-0.308573590426022|3.14736039821042|-190.6895|0.0105015660519778|3.719508054|6.543149735|2.765804325|33.884|-0.007|51.3884|-153.087722412892|3.77018447943763|-0.259089956|0.331706013|-0.168984146|83.25819|20.5688|0.996564560228766
S (cyclic)|0.3935|0.0662|-11.1395|0.001317692|0|1.6341|1.8655|-1.18630539351307|2.26321226612843|10.0093|0.0120772148767898|5.472612188|3.004334949|2.968338831|11.8984|-0.0066|33.562|0.374685713360122|3.34095653263274|1.379845534|0|0.17844066|0|8.0085|-0.165814294510059
SO2 (cyclic)|-1.0227|0.2491|-21.4443|0.009418466|0|5.9517|0|1.67576402710029|7.27730026801588|-304.8175|0|7.913099512|11.98702347|4.920428489|68.0111|-0.0077|87.9154|0|6.11023265685971|0|0|-0.595365954|0|0|0
>NH|-0.5436|0.2383|-4.6764|0.008351945|0|1.5837|0|3.04593397122835|4.07606942199843|0|0.00251136095158289|0|0|0|0|0|0|0|0|0.055628199|0|-0.566631887|0|0|0
-O-|-0.2784|0.3655|-5.288|-0.001393137|3.63608766935867|0.6385|1.1466|-1.74621357397132|-1.50025368866902|-130.2788|0.00425647379444668|-0.700745086|-3.150493501|0.265380005|10.6446|0.0002|12.6373|-52.3996394796554|-0.36313178835171|-0.886172696|0|-0.543188941|-8.809|0|-0.102622304668638
-S-|0.7268|0.0645|-11.7688|0.005201678|0|2.4091|1.2669|0|0|0|0|0.319377859|-0.530611207|-0.186433868|0|0|0|0|0|1.029434748|0|-0.361895594|0|0|0
>CO|-0.0433|0.0463|-9.8009|0.011141336|0|1.6842|1.1503|9.37361071976034|-1.30383422814633|0|0.0142484167821913|0.106325898|1.036738807|1.622552537|0|0|0|0|0|1.375109645|0.142103579|0.450279502|0|0|0.788442680507717
PO2|0|0.1374|0|0|0|0|1.425|0|0|0|0|0|0|0|0|0|0|0|0|0|0|0|0|0|0
CH-N|-0.4053|-0.109|-8.9657|0|0|-0.5463|0.1249|0|0|0|0|0|0|0|0|0|0|0|0|0|0|0|0|0|0
SiHO|0|0|0|0|0|-0.7266|0.1|0|0|0|0|0|0|0|0|0|0|0|0|0|0|0|0|0|0
SiO|0.0526|-0.0007|-16.0461|0.002016889|10|-1.244|-0.2162|0|0.208242861898384|0|0.0295346034908555|0|0|0|0|0|0|0|0|0|0|-0.319234886|-43.1666|0|0.725433165095349
SiH2|0|-0.2393|0|0|-10|0.4337|1.005|0|-2.7278239426392|0|0|0|0|0|0|0|0|0|0|0|0|0|0|0|0
SiH|0.917|0|0|0|-10|0.4074|0.3938|0|-2.83888707944005|0|0|0|0|0|0|0|0|0|0|0|0|0|-6.84407|0|0
Si|1.5213|0.3458|-11.2041|0.000788339|0|0.935|-0.3351|0|-1.72757863274694|0|0.0248842299729641|0|0|0|7.8515|0.0366|0|0|0|0|0|-1.410867615|-34.2494|0|0
(CH3)3N|0|0|0|0|0|0|0|0|0|0|0|0|0|0|0|0|0|0|0|0|0|0|0|0|0
N=N|-0.4148|0.0539|-9.3563|0|0|-2.0114|0|-3.2391956526792|0|194.754|0|7.765049096|8.110223262|8.779931565|0|0|0|0|0|0.715156006|0|0|0|0|0
Ccyclic=N-|0.0819|0.6162|-9.3709|-0.003661607|0|1.2769|1.4245|1.08862778626467|-2.00033064312974|206.6854|0|0|0|0|0|0|0|0|0|1.174206274|0|-0.616691858|0|0|0
Ccyclic=CH-|0.0782|0.6016|-8.8475|0.005314659|0|0.3162|1.0676|6.24718323567538|0|0|0.021306643065022|0|0|0|0|0|0|0|0|1.977888737|0|-0.669922844|0|4.6627|1
Ccyclic=NH|-0.515|-0.0748|-9.8549|0|0|0|0|0|0|0|0|0|0|0|0|0|0|0|0|0|0|0|0|0|0
N=O|-0.1673|0.3113|-10.072|0.003302801|0|1.5761|3.1083|-1.47346998084597|9.46189904757024|0|0|11.11139267|11.19972589|1.652315029|0|0|0|0|0|-0.03121186|0|-0.223216911|0|0|0
Ccyclic=C|0.5066|0.5676|-8.5743|0.00357048|0|0.1669|0.4528|-1.30687777547882|2.75911100394928|0|0.0073606270103298|-13.72080917|-4.629416397|-5.026754163|17.0872|0.0348|0|0|0|1.229799156|0.0770328555587423|-1.204329053|0|0|0
P=O|-0.4081|0.81|-16.0285|-0.005102819|0|4.2703|0|-2.62031084367573|2.14606990669983|0|0.00880817685769863|-6.835547348|2.252992982|-5.253493477|0|0|0|0|-2.28978008622921|1.122643176|0|-1.412686543|0|0|0
N=N|0.7929|0.3611|-10.7648|0.003243149|0|0.3581|0|-5.10957471423251|-1.08306051633762|307.3707|0|0|0|0|0|0|0|0|0|0|0|-0.201417735|0|0|0
C=NH|-0.0797|-0.1942|-9.9767|0.008555213|0|4.2948|0|-0.636398819543501|0|0|0|0|0|0|0|0|0|0|0|-0.756421462|0|-0.641326929|0|0|0
>C=S|0.4673|0.3458|-15.7902|0.001362693|0|2.6644|0|1.47014135987729|-2.76319648544087|111.1368|0|1.341897326|7.724152412|2.239454125|0|0|0|0|0|0.83752333|0|0.085388261|0|0|0
aC-CON|-1.3222|0.2972|-17.6529|0|0|9.1484|0|0.527170119021207|0|0|0|0|0|0|0|0|0|0|0|0.339224743|0|-2.71766547|0|0|0
aC=O|-0.2678|-0.0132|-10.1596|0|0|5.0141|0|6.5048826412397|0|0|0|0|0|0|0|0|0|0|1.84062908777186|-0.001047439|0|-0.415306455|0|0|0
aN-|-2.1639|0.1369|-4.107|0|0|2.6021|0|-4.39498073099657|0|0|0|0|0|0|0|0|0|0|0|-0.337041|0|-1.118547313|0|0|0
-Na|0|0|0|0|0|0|0|0|-7.7204110699944|0|0|0|0|0|0|0|0|0|0|0|0|0|0|0|0
-K|0|0|0|0|0|0|0|0|0|0|0|0|0|0|0|0|0|0|0|0|0|0|0|0|0
HCONH|-0.919|-0.1554|-14.4278|0.014146251|0|9.9337|0|0.615387661261747|13.0810796730536|0|0.0184561954437094|9.801745154|16.49627124|13.68953548|0|0|0|0|0|0|0|-1.036474654|0|0|0
CHOCH|0|0.3383|-13.6062|0|0|0.9204|0|-3.58945008559076|0|0|0|0|0|0|0|0|0|0|0|1.338372895|0|0|0|0|0
C2O|0|0|0|0|0|0|0|0|0|0|0|0|0|0|0|0|0|0|0|0|0|0|0|0|0
SiH3|0|0|0|0|0|0|0|0|0|0|0|0|0|0|0|0|0|0|0|0|0|0|0|0|0
SiH2O|0|0|0|0|0|0|0|0|0|0|0|0|0|0|0|0|0|0|0|0|0|0|0|0|0
CH=C=CH|0|0|-13.3744|0.003542901|0|0|0|0|-0.0500141972200055|0|0.034539642341973|0|0|0|0|0|0|0|0|0|0|0|0|0|0
CH=C=C|0|0|0|0|0|0|0|0|0|0|0|0|0|0|0|0|0|0|0|0|0|0|0|0|0
OP(=S)O|0|1.4164|-33.4285|0|0|0|0|0|0|0|0.0348847418078801|0|0|0|0|0|0|0|0|1.021334137|0|0.014287364|0|0|0
R|0|0|0|0|0|0|0|0|0|0|0|0|0|0|0|0|0|0|0|0|0|0|0|0|0
CF2cyclic|0.6839|0.2788|-17.8927|0.00287323|0|0.9609|0.5028|0.303231832986391|-0.963833633313016|0|0.0291811485312264|2.066666667|0|0|0|0.0084|0|0|0|0|0|0|0|3.296|0
CFcyclic|0.0743|0.384|-11.524|-0.001570031|0|-0.8497|0.6977|0|0.836604070641428|0|0|-5.746163625|0|0|0|0|0|0|0|0|0|0|0|-3.0134|0
(CH3)2CH|0.1169|-0.0308|-0.0961|-0.001697725|56.1132221974325|0.0426|0.0071|-0.404030192243681|-0.222845969530113|-2.66503799476175|0.00177935146005126|-0.258121508|0.26976871|-0.15408278557311|-0.0371|-0.0011|1.6549|-0.779800308815538|1.51083764939951|-0.0409252250083411|0.0358095374545942|0.371357401|0.018944|-0.1291|0.0491332240937413
(CH3)3C|0.0573|0.084|-0.3055|-0.000963702|42.6479169371045|-0.1436|0.0121|1.30358225463988|-0.59789444657406|-7.27043917529653|0.00365098439799949|0.17773832|-0.081709582|2.41896228131725|-0.3488|-0.0018|2.6288|-6.30029923906386|0.339969842443686|0.245138512748613|0.0909720902812553|0.199514994|-9.53441|0.0078|-0.0828766298620085
CH(CH3)CH(CH3)|0.0193|0.0468|-0.1821|-8.86E-04|40|0.164|0.1667|5.35063438874659|0.17704725380247|5.07078607644391|-0.00240410970690252|0.051766977|-0.566314815|-0.102688440225203|1.8262|-0.0014|-4.1443|6.30976060649664|-0.34748165504825|-0.117488563019916|0.0645356108162697|1.252470634|4.766428|1.081|0.00816038346052972
CH(CH3)C(CH3)2|-0.1396|-0.1376|0.443|-0.001181823|31.10103415929|0.036|0.186|0|0.425185559093706|8.4281548733966|-0.0040218868677938|0|0|0|2.5891|-0.0043|-12.4216|10.4996238011634|0.356237072951156|0|0.0351910028029131|1.110060797|9.093059|1.2189|0.0492115612970897
C(CH3)2C(CH3)2|0|0.064|-0.5905|-0.000829495|10|0.9639|0.1902|0|1.37339172397565|17.7617000180945|-0.00719570790250863|0|0|0|4.6557|-0.0078|-15.3623|17.9097463715156|4.1102232585746|0|0.109321645318849|0|12.04053|0|0.0696137386000943
CHn=CHm-CHp=CHk (k,m,n,p in 0..2)|0.0589|0.0901|-0.7096|-0.00084765|0|0.1319|0.0993|0|-0.593000745430771|-23.8325427388264|0|-0.276847793|-3.136533755|-1.649739619296|0.5149|-0.0012|-7.5646|-0.100131282077314|1.81823554528774|-0.150458240080263|0.416309351135185|-1.253780049|-7.94183|-0.2955|0.102603852491787
CH3-CHm=CHn (m,n in 0..2)|0.0699|-0.0529|-0.0474|-0.000574329|8.23844286352443|0.0912|0.0111|-2.52573618196668|-0.568719189066314|-4.71588563610331|0.00228169824064217|-0.30812688|-1.529970049|-1.13615826172718|0.0894|-0.0011|-0.7379|5.03320782034279|1.90985042488127|0.0851151409200806|-0.0284259801008832|0.509990563|1.796247|0.2071|0.441433606198061
CH2-CHm=CHn (m,n in 0..2)|-0.0077|-0.0234|-0.0205|0.000249334|-12.3053016949279|-0.1366|-0.0638|-2.20386198640307|-0.775189519537776|-4.62316932729111|0.00154280542864682|-2.36E-01|-1.64E+00|-5.31E-01|-0.2233|0.0001|0.898|4.50130575635603|-0.218887255922244|-0.360752537360391|0.0614440134956545|0.076458536|1.68E+00|0.4031|0.915193729050104
CHp-CHm=CHn (m,n in 0..2; p in 0..1)|-0.31|0.1804|0.1311|-0.002170411|-10|-0.1366|0.001|-6.01959814118674|-1.27767147987504|-3.95250503190114|0.00163613589736256|-0.279613265|0.800594831|-0.950540235968343|-0.3343|0.0005|-1.636|4.94994863945658|0.371498088422555|0.0430600792559899|0.057146107645412|-0.093482346|-5.518|0|0
CHCHO or CCHO|0.0226|0.003|-0.317|0.00052368|-17.8124189798697|0.5854|-0.1363|0.685403451253478|-0.386059471976267|-2.96499991384857|0.000298656354741558|-0.459597175|-2.338407687|0.84694645148413|-2.1746|0.0057|16.5756|-1.29037063080273|-0.591561890180589|0.221442977608251|-0.0685261525587278|0|-2.25034|0|0
CH3COCH2|-0.3209|-0.0806|0.1427|-0.000957422|24.1969563636686|-0.0205|0.0273|0.400380683346157|-0.159336769871345|-5.72859975538205|0.000468643373709552|0.052951162|-1.268470831|-0.307923132896207|-0.0379|0.001|-2.1274|-3.60019772731312|0.530342650322613|0.0237188264041342|-0.423668798762762|0|-11.2926|-0.3363|0.0464425818198728
CH3COCH or CH3COC|-0.153|0.2043|0.5001|-0.000304843|0|-0.3207|-0.1662|0|0.148723122720696|0.449616586520488|0|-0.245543866|-2.145643039|-0.610722809992714|-0.6461|0.0001|1.0096|0|3.94000520123539|0.9150782740348|-0.32333486914595|-0.385921722|0|1.2869|-0.139722134868344
CHCOOH or CCOOH|0.221|0.1233|0.3928|-0.001553714|-10|-0.8078|-0.0941|-0.686360137636711|1.62424455367275|0.421200219948101|0.00129158750006642|0.145517236|1.650721932|1.15766164009161|-8.7373|0.0014|10.906|0|0|-0.164127076400147|-0.134086953025068|0.12003433|5.857154|0|0.271698591963318
CH3COOCH or CH3COOC|0.1958|0.0951|0.1888|-0.002367913|16.1703123125236|0.1575|-0.1159|0|-0.22609303962441|-14.3695769632673|0.00181982563136608|-0.266627868|0.613644075|0.170757100150296|-1.59|0.0056|4.5375|-14.880001570289|2.06040563016569|0.00972064769050025|-0.06207532108467|0|-22.6846|-1.8607|-0.0876373810282304
CO-O-CO|-0.3138|-0.0807|-0.6322|0.002205164|-30|-1.3814|0.0869|0|0.583117470895843|-21.5283592519234|0.00273967740349955|-0.18786262|2.544977974|1.45805299601787|-1.4141|0.0013|-3.3717|-23.2995971444458|-1.6596368808574|0|-1.00E+04|-3.33E-12|7.679997|0.2536|1
CHOH|-0.0449|0.0219|0.4393|0.000375993|21.0919478327077|-0.0049|-0.1193|-1.24989058074857|-0.37788030654005|-12.651440961388|4.61625492773621E-05|0.039404332|0.117608886|0.598850402584268|-1.5693|0.0014|-0.8847|-14.9229797399162|2.24588713363337|-0.097498032269123|0.0459619694288489|-0.292352472|3.186768|-1.5532|-0.0221275418507332
COH|-0.3586|0.0891|0.7215|0.002488133|0|0.4864|-0.2772|-0.363903890739834|-0.762957407252401|-22.9311338108636|0.00155734089909998|-0.02123215|-1.051112248|-0.884831020088609|-4.7485|0.0052|12.5837|-24.8732964066085|2.66904465914652|0.0910622537243294|0.506620297196749|-0.495177835|-11.8388|-1.6892|-0.0313332445789634
CH3COCHnOH (n in 0..2)|0|-0.0982|0.8644|0.007152292|0|-0.0909|0.0251|0|2.30878530242189|-2.59561144113084|-0.000417246117433317|0|0|0|-1.2286|-0.004|3.6856|-1.23282958118749|0|0|-0.541365951827525|0|0|0|0
NCCHOH or NCCOH|-0.6779|0.1495|0.6017|0.006151683|0|-0.6797|0.3953|0|2.49095886328366|40.6027032451628|0.00498851536483174|1.11E+00|3.24E+00|-1.10E+00|0.9065|-0.0021|1.02|65.5877483305216|3.18025351559562|0.0200801169479777|-1.00E+04|0|-1.85E-04|0|0
OH-CHn-COO (n in 0..2)|-0.1516|-0.0409|0.2457|0.00474326|10|-0.9076|-0.1171|0|0|0|0.00189271458468432|-0.137630889|-0.139817119|-3.16746799701143|0|0|0|0|0|1.39873160157849|-0.405502046112825|1.109720927|-30.8375|0|0
CHm(OH)CHn(OH) (m,n in 0..2)|-0.1041|0.0066|-0.1728|-0.003562058|5.79553741717755|-0.2099|0.1944|-0.141313950453309|-1.69247069274866|-10.3822588642478|0.00280861372532015|0.168238325|-1.945399511|-1.26461201012567|1.9395|-0.0014|9.3264|-11.2456050766851|3.94220421720968|-1.23735781943088|-0.0732282022370095|-0.732308838|11.56604|-3.9944|-0.242531466617867
CHm(OH)CHn(NHp) (m,n,p in 0..2)|-0.0975|-0.0205|0.2429|-0.000297154|19.4593258000939|-0.1908|0.3136|-1.07162265279044|1.14509652651952|-13.0985777929369|0.00115923174044208|0.664408419|1.531111432|-1.03980874849186|4.4706|-0.0008|6.7464|-15.2617386037493|1.20028499174406|-0.445928782337442|-4.67E-02|-8.85E-12|14.9811|1.5721|0.422383223968573
CHm(NH2)CHn(NH2) (m,n in 0..2)|0.4023|-0.4353|-0.765|-0.001975414|-2.00726862135558|0.3678|0.2516|-0.0520184763306588|2.74767191737555|-3.08430020117934|0|0.201032658|-1.620231845|3.93011802004134|0.3128|0.0001|12.1507|3.00037623721169|1.74550986042699|-0.145590120988297|0|0|39.77222|1.358|-0.714116678161645
CHm(NH)CHn(NH2) (m,n in 1..2)|0.1997|-0.1929|0.3688|0.000681135|-2.66848447168955|0|0.1662|-1.58152711459934|1.06809743862288|1.0723673836646|0.00420828745582372|0.140496595|1.881019084|-0.223148735528088|4.22|0.0012|0|1.99631294099159|-4.96474285741497|0|-1.00E+04|4.93E-13|34.6272|-0.2486|-0.262182974210235
H2NCOCHnCHmCONH2 (m,n in 1..2)|-0.1419|0|-0.6827|0|0|0|-0.0558|0|0|0|0|0|0|0|0|0|0|0|0|0|0|0|0|0|0
CHm(NHn)-COOH (m,n in 0..2)|-0.6678|-0.169|-0.1789|-0.004266315|0|1.3964|-0.0614|-3.24117314622981|-3.98427873068779|10.2910000371703|0|0|0|0|0|-0.0045|12.2472|7.80010015101531|10|1.13293127306127|0|0|0|0|0
HOOC-CHn-COOH (n in 1..2)|0.3463|-0.1155|0.578|0.000201696|0|0.2553|-0.0771|0.980867658402372|7.65555993912466|1.01890787280576|0|0|0|0|19.1961|-0.0021|9.7485|1.29983482479257|8.79326936566459|0|0|0|0|0|0
HOOC-CHn-CHm-COOH (n, m in 1..2)|0.1769|0.0445|0.2286|0.001177842|10|1.139|-0.0345|2.23881297082835|-3.61187185137851|0.0148312666236952|0|0|0|0|16.2093|0.0018|12.1533|2.09982179310814|10|0|-0.478323228|3.065475139|-8.69019|0|0
HO-CHn-COOH (n in 1..2)|0.1288|-0.0777|-0.3265|0.006973624|-10|-0.6687|-0.1538|-1.63958551397298|3.50992977574387|0|0.0159002801465313|0.473338715|1.00341553|9.479911995|0|0|0|0|0|0|-0.078426432|0.839862675|-34.8878|0|0
NH2-CHn-CHm-COOH (n, m in 1..2)|-1.4198|0|-0.6598|0|0|-9.578|-0.1656|-0.114144143819885|0|0|0|0|0|0|0|0|0|0|0|0|0|0|0|0|0
CH3-O-CHn-COOH (n in 1..2)|-0.0132|0|0.793|-0.00302403|0|-1.9485|-0.21|0|0|0|0|0|0|0|5.1074|-0.001|7.3876|1.30008477436186|-2.719587710873|0|0|0|0|0|0
HS-CH-COOH|0.1179|0.6687|0.2806|-0.000885746|0|-1.0728|-0.3486|-0.92044085972556|0|0|0|-0.966601038|1.622607999|2.9668303|0|0|0|0|0|0.201388051358349|-1.00E+04|-10000|0|0|-1
HS-CHn-CHm-COOH (n, m in 1..2)|0.2316|0.0364|0.8204|-0.001334053|0|1.638|-0.1109|-1.20346025206322|3.29155787278394|10.1492|0|0|0|0|5.019|0.0011|16.5075|-5.68991221072742|-0.340850927122581|0|0|0|0|0|0
NC-CHn-CHm-CN (n, m in 1..2)|-0.5212|0.5699|0.147|-0.000699022|0|0|-0.0687|0|1.03220304505949|20.1819|0|0.771384569|-5.45272346|1.27271095151529|17.1845|0.024|-0.1099|23.7994133006635|-3.96928054503875|0|0|0|0|1.8295|-0.51833799072296
OH-CHn-CHm-CN (n, m in 1..2)|-0.3661|0.2069|0.9963|0.00358291|10|-1.4063|0.0308|0|2.31422108685279|-0.8285|-0.000880985975046949|0.587711489|2.90214349|2.88351486219779|4.9483|0.0095|2.6655|-1.33309066523956|-0.96370474879095|0|0|0|0|0|0
HS-CHn-CHm-SH (n, m in 1..2)|0|-1.5941|0|0.000412439|0|0.6372|0.1809|1.26717936855889|2.76270624888115|-0.4183|0|0.801170852|-0.474717361|0.216974278378424|6.0898|0.0005|-15.1383|3.32038546793033|0.528169123590428|0|0|0|0|1.6218|0
COO-CHn-CHm-OOC (n, m in 1..2)|0.0555|0.1041|-0.3202|2.19E-05|-10|-0.1133|0.0799|0|0.9945001481144|-4.1856|0.00109112651533183|-0.228942968|2.407625719|0.241317564428005|3.507|-0.0018|-2.9004|0|0|0|-0.207433901|0|18.53121|0|0
OOC-CHm-CHm-COO (n, m in 1..2)|0.0551|-0.0098|0.3351|0.002056863|0|0.6655|0.222|0|0.819768939707564|0|0.000196070833287786|-0.962214637|3.534662018|1.46030619734635|4.8206|0.0009|0|0|4.66704665397462|-0.257290588508052|5.50E-01|8.88E-12|0|0|0
NC-CHn-COO (n in 1..2)|-0.3036|-0.2553|0.032|-0.006658105|0|0.5922|0.2657|0|1.05647300964574|0|0|0.166534423|-3.901186971|0.614475639911985|2.512|0.0135|0.2995|-67.5001670915117|4.38378040091956|0|0|0|0|3.8014|0
COCHnCOO (n in 1..2)|0.31|0.0455|0.2919|0.002621849|-10|-0.2616|0.0859|0|0.524247103199912|-10.863|-0.00138466029686635|0.097071653|0.62229426|0.591317746924951|1.879|-0.0004|1.4473|0|0|0|0|0|28.26586|0|0
CHm-O-CHn=CHp (m,n,p in 0..3)|-0.0618|-0.3996|-0.0117|-0.000776118|-30|0.2622|0.1086|-1.88148975878899|-0.366237993943926|-18.4608|0|-0.145559051|-1.074077566|0.16116074970428|0.6255|-0.0034|-3.0185|-12.9297271611252|2.36739701696684|0|0|1.603171341|-18.9023|0.0104|0
CHm=CHn-F (m,n in 0..2)|-0.0295|0.01|-0.343|-0.000491101|-10|0.0034|0.0763|0|-1.32404788719157|55.7118|0.00452648702153979|8.04E-01|-3.60E+00|-4.15E+00|1.193|-0.0035|0|-84.4839647097863|0.339946438309222|0|0|0|0|0|-0.323639005140358
CHm=CHn-Br (m,n in 0..2)|0.0282|-0.3156|0.3983|0.001712761|0|-0.5066|-0.1303|0|-0.954945059004204|12.6537|0|-0.820428549|-0.791356524|-0.270575806354914|-3.4098|-0.0121|3.6617|19.1403906724804|1.5471947873183|0|0|0|0|0|1
CHm=CHn-I (m,n in 0..2)|0|0|0.0121|0|0|0.1229|-0.242|0|0|0|0|0.148982951|-2.139368857|0.479455045700022|0|0|0|0|0|0|0|0|0|0|0
CHm=CHn-Cl (m,n in 0..2)|0.1349|0.1063|0.1214|-0.000840911|22.1414974614429|-0.0958|-0.0195|0.635887493296907|-1.09884961372177|-8.3533|0.00231323618317392|0.25202857|0.046095072|-0.902945019820081|-0.1427|-0.0006|4.4575|10.003872741504|-0.581265931154249|-0.392820861654665|-0.941025393|-0.056910936|20.68227|-0.4149|-0.517043208194072
CHm=CHn-CN (m,n in 0..2)|-0.1648|0.1708|1.0178|0.002282773|10|-0.0008|-0.0348|0|0.603001582185038|-43.8706|0.00271315580399456|-0.169604227|-1.34677429|0.601701816432642|-0.5768|0.0059|12.9827|36.2572420728032|1.26492398360117|0.395865541183626|3.61E-12|0|-15.2287|-0.2467|0.206230674672075
CHn=CHm-COO-CHp (m,n,p in 0..3)|-0.1289|-0.0032|0.2879|-0.005755272|3.95719777715138|0.0776|0.0501|-1.88148975878899|-1.77828136740163|-50.0861|-0.000413854222994558|-0.11519314|-1.946557129|-0.829892618720589|-0.7358|-0.0015|0.602|-120.400030345431|2.31256774346649|-0.159637062685808|0.078846693|0|-0.93839|0.4156|0.395639727124776
CHm=CHn-CHO (m,n in 0..2)|0.038|0.2139|0.4115|-0.001552427|-20|-0.6543|0.1708|0|0.852850610429016|0|0|0.492423664|-0.17669013|-0.262157682817703|1.7653|0.0098|0|0|0|1.84188107335522|0.356608754|0|-2.16667|-0.5449|0.329376147274481
CHm=CHn-COOH (m,n in 0..2)|0.3841|-0.037|0.0592|-0.001456279|-5.71875491362696|0.9794|0.1199|-0.943263871892963|1.53665419904701|-11.4295|0.0046754330013059|0.427622828|-0.440648698|1.77824100038523|-1.1866|-0.0013|3.886|17.2713569107877|2.21537478523996|1.50433224776761|-0.364743471|0|27.48904|0|-0.370768371730047
aC-CHn-X (n in 1..2) X: Halogen|0.0747|-0.0723|-0.0254|-0.000916922|10|0.2676|0.1378|0.801331178358837|0|-11.2021|-0.000468985034223213|0.607395924|0.607022063|0.668857476627119|7.6911|0.0033|-10.8937|0|1.71993079838718|-0.161967701953616|0|-0.513204431|31.50191|0|0.0781991595478549
aC-CHn-NHm (n in 1..2; m in 0..2))|-0.3553|-0.1196|0.5674|-0.001219399|0|-0.3472|-0.047|1.17973755839842|-1.84939462471276|-2.9485|0.000646055904204794|-0.41937471|-2.151387029|2.33948096338032|2.8668|0.0084|0.6679|0|0.757613474455248|-0.584934169392963|0|-0.129484377|0|0|0
aC-CHn-O- (n in 1..2)|-0.0801|0.1138|0.5302|0.000923435|-10|0.288|0.0196|1.28134042916508|-0.168764920070077|3.4875|-0.000823209629645135|-4.62E-01|1.90E-01|9.05E-01|0.0799|0.0012|-2.8197|1.59908543192761|2.46847981251187|0.228693834|0|0.107612473|1.14E-09|0|0
aC-CHn-OH (n in 1..2)|-0.1083|-0.0304|0.1802|-0.000426435|-10|0.5169|0.0894|-0.249922965363112|0.214729993068964|-4.6439|0.00113818120772979|0.438109012|0.356401652|1.13747679878884|-0.647|0.0009|-14.0044|0.166675012402834|1.29549907159285|0.00895345965802517|-0.168875771|-0.306601934|4.277248|0|0
aC-CHn-CN (n in 1..2)|-0.6489|0.03|0.5431|0.001855954|0|0.0138|0.0714|3.55389289909261|-0.109477884566379|-26.1229|0|0.833659273|0.637703187|1.54776136059473|10.8883|0.0061|-9.824|66.1868821287442|0|2.29094484545779|0|0.106634729|0|0|0
aC-CHn-CHO (n in 1..2)|0.4358|-0.2336|-0.2078|0.000409133|0|2.3024|0.1664|0|0|0|0|0|0|0|0|0|0|0|0|0|0|0|0|0|0
aC-CHn-SH (n in 1..2)|0|0.2557|0|-0.001235567|0|-0.0485|0.081|0|-1.25614568593129|0|0.00238580617122236|0|0|0|6.4747|0.0095|-9.0889|22.5155190156824|1.82040120656668|0|0|0|0|0|0
aC-CHn-COOH (n in 1..2)|0.2284|0.3508|0.1899|0.005228357|0|1.1024|0.0633|0.150044817932894|0|0|0.0255816372920179|0|0|0|6.4527|-0.0008|0|0|4.99494935198364|0|0|-0.636276443|0|0|0
aC-CHn-CO- (n in 1..2)|-0.2702|0.0819|0.3811|0|0|0.1424|0.1047|-1.56932597218906|0|10.9474|0|-1.463683896|0|0|0|0|0|0|0|-0.00700444619466747|-1.00E+04|-0.337|0|0|0
aC-CHn-S- (n in 1..2)|-0.3754|-0.4356|0.1455|0|0|0.3173|-0.2178|0|0|0|0|0|0|0|0|0|0|0|0|0|0|1.111475939|0|0|0
aC-CHn-OOC-H (n in 1..2)|0|0.1375|0|-0.001556373|0|1.7051|0.173|0|0.588958477896838|3.134|0|0|0|0|4.3834|0.0058|-9.8079|3.89941948551177|0|0|0|0|0|0|0
aC-CHm-NO2 (n in 1..2)|-0.3072|0|0|0|0|0.0834|0.1486|0|0|0|0|0|0|0|0|0|0|0|0|0|0|0|0|0|0
aC-CHn-CONH2 (n in 1..2)|-0.2927|0.2234|0.4008|0|0|1.5522|-0.1632|0|0|0|0|0|0|0|0|0|0|0|0|0|0|0|0|0|0
aC-CHn-OOC (n in 1..2)|0.2754|-0.1266|-0.7736|-0.000534289|-10|-0.2286|-0.103|0|0|0.2535|0.0021136040791202|-1.43608081|1.647337711|0.097874313|3.2086|-0.0014|-14.5368|0|0|-0.472107575898234|0|-0.30233079|25.18731|-1.1912|0.852387970565252
aC-CHn-COO (n in 1..2)|-0.1766|0.203|-0.1084|0|0|0.3284|-0.0116|-0.407191861031379|0|0|0|0|0|0|0|0|0|0|0|-0.654352747617886|0|0.045843187|0|0|0
aC-SO2-OH|-1.3958|-0.0221|0.612|0|0|0.5472|-0.1235|-3.27919468844198|-5.28043623330514|-362.2632|0|0|0|0|0|0|0|-152.101735423211|0|-0.538237273066696|0|1.558575947|0|0|0
aC-CH(CH3)2|0.0862|-0.2498|-0.348|0.00067089|0|-0.0217|0.0073|1.49795060881434|1.35255464566232|1.1849|0|1.345579299|-1.515620927|1.878051831|0.3642|-0.0035|2.5147|12.2352461638632|1.59316896978824|0.0848976268575549|0.018726157|0.127152224|6.283249|0|-0.240310633268289
aC-C(CH3)3|0.1369|0.0038|-0.0489|-0.000723576|0|-0.1952|-0.0199|-0.519092849840945|2.13724522450008|-0.6319|0.000446069688582629|6.56E-02|-5.07E-01|1.97E+00|8.3074|-0.0067|-0.4438|16.4580095780561|3.42643526734784|0.934461746912477|0.090718234|-0.077457209|-8.53E-10|0|1.14009773024686
aC-CF3|-0.0611|-0.0622|0.0992|-0.000889203|0|0.0814|-0.1097|-3.71334766431028|0|0|-0.00251690585149789|4.62E+00|-6.89E+00|-8.80E+00|-4.5292|0|0|0|0|0.124625785214452|-0.210148143|1.611762227|0|0|0
(CHn=C)(cyc)-CHO (n in 0..2)|0.4564|-0.1006|-0.3013|-0.00590461|3.67282242539669|-0.6286|0.1349|0|0.884721900810687|-0.5019|0.00674765461656284|6.38E-01|-2.19E-01|-3.55E+00|6.8126|-0.0011|1.9141|22.4216773030041|-0.874360564257457|0|0|0|19.45402|2.3557|-0.155151218008104
(CHn=C)cyc-COO-CHm (n,m in 0..3)|-0.0048|-0.0304|0.23|0|0|-0.2405|0.0897|-0.484334404068099|0|0|0|-0.741616517|-4.854654597|1.574897233|0|0|0|0|0|0|0|0.790633261|0|0|0
(CHn=C)cyc-CO- (n in 0..2)|0.3321|0.0327|-0.201|0|0|0.9135|0.3953|2.05909275541967|0|0|0|-0.5027433|-1.242193767|2.417283142|0|0|0|0|0|-0.612719947|0|0|0|0|0
(CHn=C)cyc-CH3 (n in 0..2)|-0.0654|-0.0287|0.1151|-0.003401728|-10|-0.0482|0.0082|-1.91672180968044|-1.71645661916944|11.1992|0.00714808576563072|0.624802856|-2.966825937|1.592485083|-0.5343|-0.0011|0.5568|24.2061692894633|0.348750972119282|-0.338200949|-0.212855008|-0.298485011|-20.0682|-1.863|-0.068397921875615
(CHn=C)cyc-CH2 (n in 0..2)|-0.2352|0.0605|0.4049|-0.00142689|-10|-0.7047|-0.0694|0.729518254623599|-0.295770011836838|0|0.00749138028929258|-1.02104351|-5.531668489|-0.115693362|-3.1684|0.0039|-8.2759|3.97867648675394|2.86554609831075|-0.838197096|0|0|-2.08155|3.2337|0
(CHn=C)cyc-CN (n in 0..2)|0.0959|-0.6863|-0.2613|0|0|3.0722|-0.2645|0.303231832986391|0|0|0|0.124848451|-1.878340504|3.001173523|0|0|0|0|0|-0.090068204|0|0|0|0|0
(CHn=C)cyc-Cl (n in 0..2)|0.1615|-0.0377|0.0344|-0.005065866|0|-0.3909|-0.0471|-0.111126175759864|1.93180918142672|0|-0.00864380800489954|0.814317142|-4.333425982|2.738025696|0|0|0|0|0|-0.239574208|0|-0.372302736|0|0|0.326525291917682
CHcyc-CH3|-0.0938|0.0533|0.0404|0.009535219|21.1571974808214|-0.1685|-0.0931|1.62854654100693|0.254971499787644|76.7315|0.00278372075728228|-1.15E+00|1.07E+00|-2.60E+00|-0.3458|-0.0011|-0.7218|0.32391760221185|1.37227825119449|0.032101923|-0.08539355|0.132066729|-1.33E+01|-0.2576|0.52640425703191
CHcyc-CH2|0.1209|0.0237|0.1272|0.01094943|-9.8296976560725|-0.2557|-0.0398|1.87482422208268|0.367959844482073|71.6246|0.0026931011694602|-0.244808422|-0.598305749|-4.090792261|0.3439|0.0005|0.526|-15.0750396174781|0.284535172971273|-0.563115209|-0.031400277|0.722333773|5.889993|-0.1383|-0.131158621082935
CHcyc-CH|0.3146|-0.0129|0.0975|0.010377347|-3.44359022067866|0.2505|0.0862|-3.15724527054988|0.698493092662936|75.7857|-0.00332324696133427|-3.402500086|-2.102809247|-1.526569763|0.6262|0.0029|-2.5971|-5.51498191958535|4.98036232628123|0.673451971|0.026926656|-0.017841598|12.27375|0.9079|0
CHcyc-C|0.239|-0.2425|-0.2294|0.012271961|0|0.6051|-0.0052|-1.6268080642372|0|0|0|0|0|0|3.7347|0|0|0|0|-0.697694248|-0.057875639|1.363802587|0|0.7445|0
CHcyc-CH=CHn (n in 1..2)|0.5075|0.1087|-0.3632|0.009718413|-10|-0.3014|-0.0514|0.497167272639672|0.000202525283938826|73.4788|0.00311758188080934|-0.698393973|-0.59366814|-3.347421333|-0.2938|0.0006|-7.0563|-12.6829486154365|0|0.054687167|0|0.431219353|8.05192|-0.2636|1
CHcyc-C=CHn (n in 1..2)|0.358|-0.169|0.0967|0.015347477|0|-0.9742|0.0801|-1.88148975878899|0|0|-5.02151903640173E-05|-1.659756019|-2.248877286|-1.563682468|0|0|0|0|0|-0.617416002|0.856174167|-2.831424266|19.65496|0|0
CHcyc-Cl|-0.0586|0.1234|0.0072|0|0|0.6556|0.0163|0|0.757671754325997|0|0|0.568741536|4.465042482|-1.271714229|-3.0141|0|0|0|0|-0.318297819|0|0.286920047|0|0|-0.50076599562244
CHcyc-F|-0.2523|0|-0.0294|0|0|3.739|-0.0325|0|0|0|0|0|0|0|0|0|0|0|0|0|0|0|0|0|0
CHcyc-OH|0.1092|0.0353|-0.1178|0.010519832|-15.4412200311231|0.0821|-0.1427|1.49943194324578|-2.78740635378273|63.4977|0.000294044827087059|-0.123729368|2.239519207|-1.362839136|2.7089|0.0033|0|0|-3.41297731090887|-0.202797011|-0.126643704|-0.26484102|-6.79505|3.089|-0.513111523343189
CHcyc-NH2|-0.2539|-0.1432|0.1418|0.010205405|1.55848537398756|-0.091|-0.1875|-1.03127803890084|-3.07072506380041|25.666|0.00444981467989798|-1.549687728|-2.601216753|-5.140216599|-2.8873|0.0101|0|0|0.925542773815204|0|0|0|-22.5848|-2.6531|0
CHcyc-NH-CHn (n in 0..3)|-0.0344|-0.1079|0.4598|0.010027634|0|-0.5454|-0.2259|0.444686796390329|0.57273638056509|49.5002|0.00502272190316578|0|0|0|-2.839|0.0019|0|0|0|0.164380121|0|0.043577297|0|0|0
CHcyc-N-CHn (n in 0..3)|0.1793|-0.1946|0.3802|0|0|0.966|0.0445|0.810719338990111|0|0|0|0|0|0|0|0|0|0|0|1.214412526|0|0.820969943|0|0|0
CHcyc-SH|0|1.4912|0|0.010027416|0|0|-0.1105|0|-1.5453778946348|60.3009|0.00557420445640324|0|0|0|2.5523|0.0108|0|0|0|0|0|0|0|0|0
CHcyc-CN|-0.0571|-0.3849|0.7628|0.011816922|0|0.805|0.427|0|0|0|0|8.797935326|8.753869938|3.063445692|0|0|0|0|0|0|0|0|0|0.107|0
CHcyc-COOH|0.3215|0.0332|-0.1894|0.009817753|0|-0.6609|0.1858|1.40803499104973|-0.627808019250594|0|0.00335026179108287|0|0|0|0|0|0|0|0|0.378602629|0|0.96279051|0|0|0
CHcyc-CO|-0.048|0.185|0.1888|0.015653699|0|0.2376|0.1354|4.56172718714993|1.91531980008288|0|0|7.241078879|6.903312119|11.84590823|0|0|0|0|0|0|0|0|0|2.0615|0
CHcyc-NO2|-0.036|0.5918|0.7474|0|0|-0.7987|-0.2571|0|0|0|0|0|0|0|0|0|0|0|0|0|0|0|0|0|0
CHcyc-S-|-0.2687|0.0123|0.6629|0.008358895|0|-0.8438|-0.1065|0|0|0|0|0|0|0|0|0|0|0|0|-1.615233639|0|0|0|0|0
CHcyc-CHO|0|-0.1554|-0.1686|0.008768788|0|0.2252|-0.065|0|1.32967782391261|0|0|0.110881913|0.908928838|-3.556197244|0|0|0|0|0|0.506133284|-0.037007393|0|0|0|0
CHcyc-O-|-0.1041|-0.0867|0.0702|0.011002938|0|-0.1989|0.0115|1.36355896006273|-0.385274582357825|0|0.0011799049179684|-0.424535809|1.421891123|-1.058398957|0|0|0|0|0|0|0|0|0|0|-0.102622304668638
CHcyc-OOCH|0.1912|0.165|0|0.008795247|0|0|-0.2146|0|0.302843276194494|0|0.00209714440345579|0|0|0|0|0|0|0|0|0|0|0|0|0|0
CHcyc-COO|-0.494|-0.1197|-0.193|0.003071406|0|0.0045|0.1121|0.389353761943084|0|0|0|-1.26E+00|5.88E-01|-1.11E+00|0|0|0|0|0|-0.76034117|0|0.28772502|0|-0.6919|0
CHcyc-OOC|0.058|-0.0947|0.2024|0.00665807|-8.34997078763409|0.1565|-0.2486|1.69261560737482|2.29962994808788|39.1106342254524|0|1.260052277|7.988556832|-0.040699391|-0.4978|-0.0002|0|0|0|-0.457774714|0|0|1.227305|0|0
Ccyc-CH3|0.114|-0.0245|-0.1054|-0.000182241|12.6219983776551|-0.1837|-0.0012|1.33031343056376|0.136211385962184|-26.9677684623165|-0.0414326082800559|-1.86377273|-1.950512751|-0.343036258|0.1796|-0.0009|1.775|1.09786651864624|-0.828471576257371|0.527158444|-0.000200739|-0.06308403|-0.7406|-0.0029|0.948123089740332
Ccyc-CH2|0.1431|0.052|0.288|0.001477349|0|-0.6608|0.0809|0.722129711861271|0.114435806145693|-23.1389860353372|-0.0447548109896247|0|0|0|0.5885|0.0007|-8.4094|0|0|1.29097755|-0.031928821|-0.52290902|0|-0.7056|-0.102622304668638
Ccyc-OH|0.179|0.2298|-0.1743|-0.006016821|-7.37800162234488|0.8773|-0.2919|-0.516237121627|-0.0265733888390685|-69.0303571961239|-0.042502578309881|0.191724657|0.876900173|-1.51542457717782|-4.0786|0.0015|-13.4138|-50.3912268182336|4.3507682038123|-0.237345185|0|-1.635978827|-10.5522|0|-0.0499824556183284
>Ncyc-CH3|-0.0925|0.0145|0.106|0.001233171|0|0.3041|0.0451|1.29714225354837|-3.40534062663939|-0.512400389106641|0|1.25E+00|1.71E+00|1.95E+00|-0.0001|-0.0005|0|29.4902958439094|-0.985569810476393|0.563211338|-0.228288555|-1.276417957|-2.83E-10|0|0
>Ncyc-CH2|-0.1025|0.003|0.222|0.005221407|0|-0.542|-0.091|2.25206133967913|-3.39597514222137|-20.4966448229429|0|0.602615|-0.516080914|-0.200962102057086|0|0|0|0|0|-0.311396263|0|-0.502285449|0|0|0
AROMRINGs1s2|-0.024|0.0332|-0.0987|-0.000378864|-9.73816306976922|-0.4527|-0.0423|-0.792686647230767|-0.119120638209736|6.54843375481838|-0.00496832127011937|-0.202213031|2.114841879|-0.178582444719861|-0.5587|0.0003|6.4951|-17.6677248167721|-0.688933359769655|0.262056852|-0.243933589|0.110548596|-24.2331|0.6922|0.075384202715775
AROMRINGs1s3|0.1552|0.047|-0.2251|0.000220256|16.6484406602628|-0.4331|0.0179|-0.402369119475225|0.0850039643105731|3.87869038166525|-0.00361941707576285|-0.288688098|3.335691064|-0.0315458930690541|-1.2269|0.0007|10.1641|-21.5421976523198|-1.48049890825639|-0.117996855|-0.297880421|0.045242509|-3.45584|0.1231|0.075138415130356
AROMRINGs1s4|0.0602|-0.016|-0.1804|0.000522938|16.5626127200839|0.2476|0.0479|-0.305617383348363|-0.47319498295974|4.06198956556824|-0.00224616858054472|-0.146850328|1.537614706|-0.492242402356499|-0.5134|0.0003|6.8997|-18.2922160405393|2.43146811841208|0.214619304|-0.194916045|-0.063013171|-11.3047|0.6051|0.0753207030811974
AROMRINGs1s2s3|-0.2081|0.1096|-0.0196|0.00106363|10|0.1592|-0.0054|-1.90609336305033|-0.780384191774374|12.9764677266022|-0.00768318526062162|0.202446406|3.617323512|-0.627021332700677|1.0648|-0.0047|-8.4633|-30.2592136126648|0.610541758706363|-0.072031592|-0.264485611|0.364883293|-25.646|0|0.769379845998873
AROMRINGs1s2s4|0.0304|-0.0055|-0.0269|0.000859252|11.7871400873102|-0.214|-0.0003|-0.951020757907827|-0.555027344724067|8.06874744806789|-0.00621298906383905|-0.066719575|2.488201943|-0.546629501332021|-0.4645|-0.0031|-10.8758|-39.9340239800526|-0.0494614451260382|0.204750581|-0.160289076|0.104900832|-26.5119|-1.1663|0.508452773890353
AROMRINGs1s3s5|0.2695|0.0383|-0.3208|0.000247152|17.5293497592228|0.6065|-0.0467|-0.842812863319978|-2.44706197201604|6.13942098082974|-0.00320499570357191|-0.37685347|2.229599576|-0.200357440774806|-1.4995|0.0072|-13.1028|-40.1340299275614|-0.46967823243142|-0.050039925|-0.288462426|0.493906353|-1.71926|0|0.528444626132419
AROMRINGs1s2s3s4|-0.1418|-0.1754|0.0873|0.001405341|-10|-0.0618|0.0786|-2.63255331312166|-0.646994341907292|28.0941103937368|-0.0122844441110686|0.202559911|1.354702807|-0.492492995772228|5.9314|-0.0067|-18.8966|-42.7257424218375|0.0964607203597546|0.414729993|-0.142206657|0.095064531|-19.82|0|0
AROMRINGs1s2s3s5|-0.103|-0.0836|0.075|0.000630964|-10|-0.0113|-0.0032|-1.77044731715569|-1.20332128956322|18.9321000072586|-0.00530221434092326|-0.585046645|-0.369552273|-1.50690947938886|2.5689|-0.0025|-11.8966|-52.0257175080689|-0.213545459164621|-0.001134902|-0.08117491|0.225278887|-24.487|0|-0.36642305876265
AROMRINGs1s2s4s5|0.1804|-0.0633|-0.163|0.001316167|-10|0.7336|0.0453|-0.684966405612045|-2.4019128331805|16.4521000541823|-0.00340920000482547|-5.62E-02|3.32E+00|5.36E-01|1.6886|-0.0013|-3.8078|-57.4257437691096|9.8664521513121|0.349403837|-0.143707476|0.512933006|0|0|0
PYRIDINEs2|-0.3155|0.3831|0.7714|0.001845557|10|-0.3354|-0.0186|0.267505807602902|1.49536479767829|-4.61380168637699|0|-0.39034619|-2.330758291|-0.699987947735071|-2.1157|0.0066|7.3722|16.4048855513215|0.0194214549247614|-0.913314662|0|-0.188509502|-5.75481|-1.1926|0
PYRIDINEs3|-0.5376|-0.0853|0.7486|0.000784983|3.42027689408628|-0.4438|0.0523|-0.0627881372288357|0|0.814754148523925|0.0132602049247787|0|0|0|2.1936|0.0066|7.3722|23.5948618198128|4.47941719448371|-0.491577346|0|-1.021360392|0|-0.0126|0
PYRIDINEs4|-0.4075|0.2497|0.3145|0.001944728|10|0.3046|0.1369|0.237194647081196|2.05358157288638|0.981599979655209|0|-0.306230414|2.304066915|-0.863194602|2.4148|0.002|12.9722|21.4148572421219|6.87174765205234|-0.75747711|0|-0.605565245|12.35519|0.1474|0
PYRIDINEs2s3|-0.0523|0.4131|0.3683|0|0|-0.0449|0.0557|-1.74776748791146|0|-5.73463929923712|0|0|0|0|0.0573|0|-6.6887|0|0|-1.125672681|0|0|0|-0.0413|0
PYRIDINEs2s4|0.0505|0.1771|0.5459|0|0|4.043|0.099|0|0|-4.54008743627534|0|0|0|0|-1.629|0.0042|-6.6887|0|0|0|0|0|0|-0.5913|0
PYRIDINEs2s5|-0.2864|0.0415|0.1791|0|0|0.5361|-0.0222|0.302860733805082|1.70082272582364|-0.687811081789389|0|0|0|0|-2.1484|0.0062|-6.6887|0|0|-0.615820137|0|1.540950709|0|-0.4413|0
PYRIDINEs2s6|-0.0029|0.3342|-0.1606|0.00235154|0|0.1319|0.0478|0|0.518389520815211|-8.01638151845509|-0.000676226480999673|0|0|0|-5.8586|0.0077|0|-11.0317042362076|0.102261105254874|-0.215066088|0|0|0|-1.6613|0
PYRIDINEs3s4|-0.3735|0.2221|0.1017|0|0|0.3573|0.4669|0|0|0.530530578143452|0|0|0|0|6.2514|-0.0006|-6.6887|0|0|0|0|0|0|0.8687|0
PYRIDINEs3s5|-0.0249|-0.1887|-0.1816|0|0|0.3729|0.09|-0.389703053569519|0|2.97484156761731|0|0|0|0|2.6197|0|0|0|0|0|0|0|0|0.3387|0
PYRIDINEs2s3s6|0|0.1607|-0.2204|0|0|0|-0.0605|0|0|0|0|0|0|0|0|0|0|0|0|0|0|0|0|0|0
(CHn=CHm)cyc-COOH|0.2914|-0.891|-0.4421|0|0|2.5389|0.1855|6.20241083361759|0|0|0|0|0|0|0|0|0|0|0|0|0|0|0|0|0
AROMRINGs1s2s3s4s5|-0.1363|0.0886|0.3891|0.000744898|0|-0.1993|-0.0171|-1.63187532718541|0|0|-0.0155100560933021|0|0|0|0|0|0|0|-0.50067319873579|-0.048125414|0.047429382|0.127674451|0|0.1482|0
aC-NHCOCH2N|-0.3216|0.6234|1.2707|0|0|-5.1628|-0.1402|0.742209896760283|0|0|0|0|0|0|0|0|0|0|0|0|0|0|0|0|0
(N=C)cyc-CH3|-0.2422|0.0287|0.4988|0|0|2.4075|0.1769|0.863158796427115|0|42.7583152063177|0|0|0|0|0|0|0|0|0|-0.515024269|0|-2.048888213|0|0|0
aC-CONH(CH2)2N|-0.2344|0.3162|0.6654|0|0|-2.325|-0.0813|1.10088137160335|0|0|0|0|0|0|0|0|0|0|0|0|0|0|0|0|0
aC-SO2NHn (n>=0;n<3)|0.1532|-0.0116|-0.1908|0|0|0.5634|-0.0657|1.44858614704299|0|0|0|0|0|0|0|0|0|0|0|0|0|0.79431953|0|0|0
aC-SO2NHn (n>=0;n<3)|0.025|0.3337|0.3478|0|0|-0.3016|-0.0002|-2.85232080263457|0|0|0|0|0|0|0|0|0|0|0|0|0|0|0|0|0
aC-SO2NHn (n>=0;n<3)|0.1146|-0.1481|-0.1134|0|0|-0.9672|-0.0326|3.03579885797671|0|0|0|-2.480652682|-3.074169471|-7.083420259|0|0|0|0|0|0|0|1.32600750130335|0|0|0
HOOC-(CHn)m-COOH (m>2, n in 0..2)|-0.1839|-0.4908|0.179|0.00019004|-10|-0.2366|0|2.30669779294817|-0.907044771054841|-0.0165385994133218|0|0.274721046|3.385529605|0.276827979|13.4712|0.0058|-7.3702|1.39984252599336|-1.27308795783489|1.03884703380069|-0.375682417|0|-16.4998|0|-0.412212203709277
NHn-(CHn)m-COOH (m>2, n in 0..2)|-2.3057|0|1.0484|0|0|0|0|-1.94384822554457|0|0|0|0|0|0|0|0|0|0|0|0|0|0|0|0|0
NH2-(CHn)m-OH (m>2, n in 0..2)|0.0054|-0.2787|0|0.005229458|0|0.3475|0|0.634000667070506|6.23481867728815|0.906857751370094|-0.000869414046536641|0|0|0|5.5882|0.0017|-27.799|0|-1.55943529393199|0|0|0|0|0|0
OH-(CHn)m-OH (m>2, n in 0..2)|-0.9089|0.1759|1.36|0.002490611|-10.7986756423703|-0.3779|0|5.82230529081932|0.209535682703247|0.488208062558782|0|0.278283388|2.345007312|-2.454235571|4.1384|-0.0006|-6.6795|3.5345158234727|2.01550703331925|0|-0.180197343|0|31.68684|1.3166|0
OH-(CHp)k-O-(CHn)m-OH (m,k>0; p,n in 0..2)|0|0|0|0|0|0|0|0|0|0|0|0|0|0|0|0|0|0|0|0|0|0|0|0|0
OH-(CHp)k-S-(CHn)m-OH (m,k>0; p,n in 0..2)|0|0|0|0|0|0|0|0|0|0|0|0|0|0|0|0|0|0|0|0|0|0|0|0|0
OH-(CHp)k-NHx-(CHn)m-OH (m,k>0; p,n,x in 0..2)|0|0|0|0|0|0|0|0|0|0|0|0|0|0|0|0|0|0|0|0|0|0|0|0|0
CHp-O-(CHn)m-OH (m>2; n,p in 0..2)|0|0|0|0|0|0|0|0|0|0|0|0|0|0|0|0|0|0|0|0|0|0|0|0|0
NH2-(CHn)m-NH2 (m>2; n in 0..2))|0.7245|0.3552|0|-0.001152531|0|0.264|0.0828|0.44537765564678|0|0.4928|0.0205419620319184|0|0|0|-1.8632|0.0135|-3.2307|6.21038814469191|9.69291244525878|-0.824313624277152|0|0|0|3.101|0.44830291018141
NHk-(CHn)m-NH2 (m>2; k in 0..1; n in 0..2)|0|0|0|0|0|0|0|0|0|0|0|0|0|0|0|0|0|0|0|0|0|0|0|0|0
SH-(CHn)m-SH (m>2; n in 0..2)|0|0|0|0|0|-0.628|0.2655|0|0|0|0|0|0|0|0|0|0|0|0|0|0|0|0|1.5576|0
NC-(CHn)m-CN (m>2)|-0.7193|1.1305|1.08|0.00010457|10|-0.1286|0|0|-1.27383894309017|1.2696|0|0|0|0|16.6171|0.0258|-6.0023|4.79939220038705|2.4475410015285|-1.12809535027313|0|0|-3.3178|0|-0.102229268843785
COO-(CHn)m-OOC (m>2; n in 0..2)|0|0|0|0|0|0|0|0|0|0|0|0|0|0|0|0|0|0|0|0|0|0|0|0|0
aC-(CHn=CHm)cyc (fused rings) (n,m in 0..1)|-0.0329|0.143|0.602|0.000457315|0|0.0719|-0.0591|0.914890689876302|0.478040301387352|16.5161|0.00126202487451409|0.91599379|0.488600420803243|0.382838213978703|-9.2419|0.0035|-4.1679|9.90689685584101|-5.20922966777693|0.21171765020361|0.591799968|0.193828589125656|0|0|0
aC-aC (different rings)|0.1424|0.0735|-0.223|0.000721839|-7.26753652997772|0.0027|0.0273|-0.466796031420017|0.410539869778489|18.8705|0.00760831653609025|2.733436944|-0.221547825020493|-0.891374905930646|-2.3599|-0.0133|29.6558|-36.9743824265665|-4.24645702237208|0.542090269544788|0.000556369549894816|0.401637488706485|-17.7958|0|-0.11353341876042
aC-CHncyc (different rings) (n in 0..1)|0.0042|0.1622|0.502|0.009229748|0|-0.2033|-0.213|0.244517479626666|1.54226585172137|82.5902|0.00241702057793025|0.281777855|0.804071893539058|-3.80432339683454|-2.7789|0.004|0|0|0|0.129759350712014|0|0.294344037042719|0|0|0
aC-CHncyc (fused rings) (n in 0..1)|-0.107|0.0701|0.369|0.000348845|-14.464468883183|-0.2179|-0.0111|1.00017677733376|0.691715690710083|20.4781|2.98680582089261E-05|3.249517539|-0.713490379844061|0.662302472763463|-6.1429|-0.0016|-9.1117|-1.87712922452363|-0.128477374581737|0.0996869965263463|0.0209107381593635|0.15267770766722|0|-1.0593|0.543461325767491
aC-(CHn)m-aC (different rings) (m>1; n in 0..2)|0.3816|-0.4276|-1.3|-0.002700558|-10|-0.086|0.413|0|-1.09721803539044|0.3962|0|0|0|0|11.8299|0.001|-5.3635|5.19875945931485|10|-0.4653415393034|0|-3.682932045|15.4613|0|0
aC-(CHn)m-CHcyc (different rings) (m>0; n in 0..2)|-0.0805|-0.0149|-0.3336|0|0|-1.1281|-0.3323|-0.24567337978192|0|0|0|0|0|0|0|0|0|0|0|1.40353205436142|0|0|0|0|0
CHcyc-CHcyc (different rings)|0.4252|-0.2107|0.6122|0.016585808|10|0.7559|-0.0023|0.255463745818752|-0.608067645380173|0|0.00289470832283206|-0.754095976|5.75218647635948|-9.76149255093247|6.2025|0.0035|0|0|0|0|0.237189971|0|2.334087|0|0
CHcyc-(CHn)m-CHcyc (different rings) (m>0; n in 0..2)|0|0|0|0|0|0|0|0|0|0|0|0|0|0|0|0|0|0|0|0|0|0|0|0|0
CH multiring|-0.0419|-0.0344|-0.0247|0.007954423|7.00125074522435|0.2166|0.1371|1.71578591210982|0.750027829902905|71.0836|0.000363444453147732|4.42517382|2.72121437861215|-0.484188387655028|1.9976|-0.0033|0.7655|70.6374536192716|-2.46744647523711|0.139960748699761|0.0451982472904817|0.711140005694646|10.16332|-0.4984|-0.264524746635779
C multiring|-0.0291|0.0023|0.071|-0.002924493|10|0.0943|0.0331|-0.206567067916239|0.149813325146113|0|-0.0836101344363984|6.672118298|2.66752945224697|-0.61901517758287|0|0|0|0|0.324951532976548|0.359788251980231|-0.0528461727964809|-0.343277067794404|-15.3503|-0.3783|-0.163626066845183
aC-CHm-aC (different rings) (m in 0..2)|-0.1034|-0.0873|0.231|2.04E-05|-20|-0.1199|-0.0343|-1.11445546483861|-0.00457360036338628|9.6761|0|-0.443662899|0.0557873546219872|-3.17607466643601|0.6827|0.0041|-18.346|22.8620365750762|-0.923034957267259|-0.21720075288462|0.0870990311149569|0.309506273597728|9.371346|0|0
aC-(CHm=CHn)-aC (different rings) (m,n in 0..2)|0.1833|-0.341|-0.8542|-0.000181825|0|0.8378|0.2534|0|-0.85535819576549|-3.2418|0|0|0|0|1.8492|0.0025|6.2226|18.3963606078708|4.51924199801227|0|0|0.033162468|0|0|0
(CHm=C)cyc-CH=CH-(C=CHn)cyc (different rings)|0|0|0|0|0|0|0|0|0|0|0|0|0|0|0|0|0|0|0|0|0|0|0|0|0
(CHm=C)cyc-CHp-(C=CHn)cyc (different rings)|0.6657|0|0|0|0|0|0|0|0|0|0|0|0|0|0|0|0|0|0|0|0|0|0|0|0
aC-CO-aC (different rings)|0.1164|0.1961|1.06|-0.002296068|0|-0.2827|0.0214|0|-0.186270847013472|0|0|0|3.368487554|3.17821381595887|0.5272|0|-13.931|23.2115839930469|-0.986353301454036|-0.221611045|0|-0.461096824159468|0|0|0
aC-CHm-CO-aC (different rings) (m in 0..2)|0.2238|-0.3475|-0.5809|0|0|0.0114|0.0214|0|-0.186270847013472|29.945|0|-7.70E-01|6.19E-02|-1.94E+00|0|0|0|23.2115839930469|-0.986353301454036|0|0|0.506778651839452|0|0|0
aC-CO-(C=CHn)cyc (different rings) (n in 0..1)|0.2473|-0.0519|-0.4667|0|0|-0.1165|-0.1736|0.655425434847352|0|0|0|0|0|0|0|0|0|0|0|0|0|0|0|0|0
aC-CO-CO-aC (different rings)|0.8518|0|0.1407|0|0|2.4653|0|0|0|0|0|0|0|0|0|0|0|0|4.26109214663567|0|0|0|0|0|0
aC-COcyc (fused rings)|0.003|-0.0138|0.038|-0.000786574|20|0.3217|0.1142|-3.47320013998433|-1.76074851203359|15.3954|0|1.564989045|-1.412362168|-0.235686767|0|0|0|0|2.95150384186265|0.677090984|-0.28357579943167|0.183764692570534|-3.19037|0|-0.462441112289976
aC-CO-(CHn)m-CO-aC (different rings)  (m>0; n in 0..2)|0|0|0|0|0|-0.99|0|0|0|11.4694|0|0|0|0|0|0|0|0|0|0|0|0|0|0|0
aC-CO-CHncyc (different rings) (n in 0..1)|0.6778|0|-0.6102|0|0|-3.8388|0.1959|-4.76496547547561|0|0|0|0|0|0|0|0|0|0|0|0|0|0|0|0|0
aC-CO-NHn-aC (different rings) (n in 0..1)|0.4732|-0.2718|-0.587|0|0|0.4986|0|-1.1586863488119|0|0|0|0|0|0|0|0|0|0|6.58696820967986|0.025441719|0|-0.288272954|0|0|0
aC-NHnCONHm-aC (different rings) (n,m in 0..1)|0.177|0|0.804|0|0|2.7765|0|0|0|0|0|0|0|0|0|0|0|0|9.09197022861124|2.268544376|0|-0.976115769452051|0|0|0
aC-CO-Ncyc (different rings)|0.2029|0.3225|-1.007|0|0|0.027|0|0.80339974995843|0|0|0|0|0|0|0|0|0|0|0|0|0|0|0|0|0
aC-Scyc (fused rings)|-0.0153|0.0828|0.165|0.000239516|0|-0.1041|-0.103|1.70794251770894|-0.583579661814397|9.2049|0.00308836178603315|2.598132477|-9.23538448|-1.442031029|12.1354|0.0072|-19.926|8.03852339723789|-0.90880441293465|-1.394105494|0|0.284653846345958|0|0|-0.331628589020117
aC-S-aC (different rings)|0.3515|-0.5044|0.4514|0|0|0.5232|0.2308|-3.10836400528505|0|0|0|0|0|0|0|0|0|0|0|-2.382424647|0|-2.151393484|0|0|0
aC-POn-aC (different rings) (n in 0..4)|0|0|0|0|0|0|0|0|0|0|0|0|0|0|0|0|0|0|0|0|0|0|0|0|0
aC-SOn-aC (different rings) (n in 1..4)|-0.3536|0.0683|-0.141|0|0|1.9271|0|-1.76767492666368|0|0|0|-0.692904665|-2.566764108|-2.60527379|0|0|0|0|-0.778419827374479|0|0|0|0|0|0
aC-NHncyc (fused rings) (n in 0..1)|0.0584|-0.0298|-0.12|0.000747503|0|0.3896|0.1296|2.18885647742718|-0.315242845425786|2.816|0|3.132369807|0.925558929|0.717331231|3.55|0.0157|0|20.307182046618|0.221749206693484|0.567599226|0|0.248289014810225|0|0|-0.331628589020117
aC-NH-aC (different rings)|0.2657|-0.0049|-0.112|-0.000136336|10|0.3482|0.1588|1.74104231777017|-1.08266860144674|7.0683|0|-0.492673319|-0.12067426|-3.553570616|5.7738|0.0116|-8.4909|9.85125660638073|0.60726614143076|0.670454259|0|0.703808751248744|4.754659|0|-0.289845608787904
aC-(C=N)cyc (different rings)|-0.1221|-0.1266|0.5247|0|0|-2.4511|-0.3045|-0.641683216653291|0|0|0|0|0|0|0|0|0|0|0|0|0|-1.19701132293478|0|0|0
aC-(N=CHn)cyc (fused rings) (n in 0..1)|0.0181|0.064|-0.0249|-0.000875233|0|1.0039|-0.0363|1.05437640134278|0|-10.258|0|1.284044287|-0.755932669|0.28986532|0|0|0|0|-5.95822189585465|-0.355876564|0|-0.635515551700408|0|0|0
aC-(CHn=N)cyc (fused rings) (n in 0..1)|-0.6708|-0.1276|0.4628|0|0|0.5033|0|2.09964428838032|0|51.9557|0|3.147734994|-3.505872826|-0.074308402|0|0|0|0|0|0|0|0|0|0|0
aC-O-CHn-aC (different rings) (n in 0..2)|-0.0661|-0.2231|0.8493|0|0|0.3651|0|0|0|0|0|0|0|0|0|0|0|0|0|0|0|0|0|0|0
aC-O-aC (different rings)|0.1635|-0.0688|-0.3224|-0.003301548|10|-1.1809|-0.2417|-1.04698031360522|-1.80002682938819|5.1123|0|-0.905486542|-2.146254161|-1.351419328|-3.7437|0.0092|-19.169|30.3129663412878|0|0.398844776|0|-0.0735482784515789|5.68E-10|0|-0.0594407081127503
aC-CHn-O-CHm-aC (different rings) (n,m in 0..2)|-0.3499|-0.7009|0.216|0.003918522|0|-0.404|-0.0392|0|2.05645928733125|0|0.00425647379444668|0.17230075|5.37924383|1.925857289|-0.1595|0.0018|5.6364|-52.3996394796554|-0.36313178835171|0|0|0.241462373933498|0|0|0
aC-Ocyc (fused rings)|0.1147|0.0329|-0.341|-0.003439648|0|0.0048|0.0421|0.896688785554488|-1.04773617104731|19.0134|-0.00138350373717062|2.105177073|-0.372148879|-0.511504391|5.1557|0|-19.199|0|4.04177810414535|0.176751053|0|0.326537336518317|0|0|0
AROM.FUSED[2]|0.0285|-0.1119|-0.0962|0.003255976|-1.41121594169852|-0.3344|0.0166|-0.572890462752184|1.03894132343672|10.5077|0.00395080111655786|0.197918867|-1.545973205|2.629356525|-3.9457|-0.0016|8.6042|-29.5484764037742|-2.34227843034601|0.321387679|-0.0166146620025361|-0.0514434877732646|7.822234|1.1282|-0.097902533600841
AROM.FUSED[2]s1|0.0512|0.2156|0.103|0.00277586|-10|-0.0784|-0.0378|-1.48589147824896|0.391107306022775|-1.8447|-0.00587584393954588|0.719664172|0.532626696|0.84046697|2.163|-0.0035|-19.985|-25.6038309717196|-2.99233243773739|0.825082727|-0.0444450871094012|0.288140020734394|-7.5415|-2.0001|0
AROM.FUSED[2]s2|0.0146|-0.0803|-0.0515|0.003256867|6.41147993518844|0.1479|-0.0592|-0.911314546711765|-0.321433877923198|6.8914|0.00478933236176604|-0.448051999|-1.133964643|0.018868124|-1.1898|-0.0015|-9.4619|-38.7094222273713|2.24572602715019|1.064814952|0.00749801780634997|-0.0214421671048|-3.55288|0|0.768779443855012
AROM.FUSED[2]s2s3|-0.0814|0.3|0.1132|0|0|1.0951|0.076|-4.22236711319499|0|0|0|0|0|0|25.0034|0|0|0|3.88353242654957|0.543012038|0.13356258|0.532358394728125|0|0|0
AROM.FUSED[2]s1s4|0.0635|-0.2363|-0.2116|0|0|0.155|-0.1731|-2.31116773031022|0|0|0|0|0|0|0|0|0|0|-2.61692577005262|0.08651731|0|0.145997542766915|0|2.6018|0
AROM.FUSED[2]s1s2|-0.1149|0.1553|0.0217|0|0|-0.4324|0.0339|-0.953570615810236|0|0|0|0|0|0|0|0|0|0|0|0|0|-1.12163520402736|0|0|0
AROM.FUSED[2]s1s3|0.1795|0.325|-0.0558|0|0|1.8481|-0.1272|0|0|0|0|0|0|0|26.5956|0|0|0|0|0|0|0.446803533401295|0|2.4118|0
AROM.FUSED[3]|0.0218|-0.1814|-0.2256|0.00314455|0|0.0564|0.0454|-6.49443314560472|0.587818705976446|12.8155|0.00591917437574015|0|0|0|-2.9209|0.0015|52.7624|-50.4340387313491|-1.01552294636426|1.042151306|0|-0.0603225011221108|0|0|-0.0722562053451494
AROM.FUSED[4a]|0.0775|-0.2323|-0.7|0.005820889|2.2025066654717|-0.3009|0.2206|-2.32267928189398|-2.66690130596033|56.9458|0.00147527628050659|0|0|0|20.4501|0.0138|-36.657|-18.1144977074352|4.24108632249187|0|0|-0.10164478658859|0|0|-0.0519424529017893
AROM.FUSED[4a]s1|-0.0727|-0.4303|0.3143|0|0|0.8565|0.3508|0|0|53.4281|0|0|0|0|0|0|0|0|0|0|0|0.0834853828138243|0|0|0
AROM.FUSED[4a]s1s4|0.7898|1.1705|0.3697|0|0|-1.5293|0|0|0|46.8901|0|0|0|0|0|0|0|0|0|0|0|0|0|0|0
AROM.FUSED[4p]|0.1239|-0.158|0.0143|0.004353717|0|0.7436|0.2868|-2.78137207448162|-0.345228232055348|-13.2545|-0.00198509363983568|0|0|0|17.0823|0.0065|-36.756|-41.9144268464896|-5.15607351751082|2.257338157|0|-0.336703598192803|0|-3.6434|-0.0518153592181099
AROM.FUSED[4p]s3s4|0|0.2203|1.8369|0|0|0.0335|0|0|0|0|0|0|0|0|0|0|0|0|0|0|0|0|0|0|0
PYRIDINE.FUSED[2]|-0.2553|0.0166|0.4989|0.00235917|-10|-0.316|-0.0468|0.0928723588135654|2.71410240948399|2.6816|-0.00188062937986965|0.501653787|-2.927951427|-0.727844894|2.443|-0.0024|-0.5352|-3.79350032601772|-2.16374107977342|0.22934311|0|-1.91049480966257|-1.88494|1.4209|0
PYRIDINE.FUSED[2-iso]|-0.2283|0.6246|1.316|0.000881742|0|0.2666|-0.1104|0.113030692579059|2.75280663680096|13.5421|0|0|0|0|15.2077|-0.0062|-9.0683|12.7237455014669|-0.890517108456551|0|0|0|0|-3.1516|0
PYRIDINE.FUSED[4]|-0.2366|0.1412|1.98|0.00470466|0|-0.056|0.3738|-0.58926540586117|0.124367536865752|35.2804|0|2.07917213|-0.660056583|-3.082201659|0|0.0041|-19.571|8.84637364108401|1.60245355461067|1.499469311|0|-0.56981139660177|0|0|0.131859181855821
aC-N-CHcyc (different rings)|-0.0624|0.1538|-0.1524|0|0|0.9791|0|0|0|0|0|0|0|0|0|0|0|0|0|0|0|0|0|0|0
N multiring|-0.2049|-0.003|0.1349|0.002363659|0|0.6959|-0.2925|0.996606694350248|-4.24057019552632|45.3816|0|4.029502356|2.754558777|3.202131472|0|0|0|0|0|-0.062292203|0.101143537|0|0|0|0
Ncyc-(CH2)3-Ncyc (different rings)|-0.0979|-0.0732|-0.1746|0|0|-2.234|0|-2.15435067145302|0|0|0|0|0|0|0|0|0|0|0|0|0|0|0|0|0
aC-COCH2CH2-aC (different rings)|-0.4613|-0.3699|-0.6448|0|0|0|0|0|0|0|0|0|0|0|0|0|0|0|0|0|0|0|0|0|0
aC-O-(CH2)2-Ncyc (different rings)|-0.441|-0.5047|0|0|0|0|0|0|0|0|0|0|0|0|0|0|0|0|0|0|0|0|0|0|0
aC-CH(OH)(CH2)2-CHcyc (different rings)|-1.143|0|0|0|0|0|0|0|0|0|0|0|0|0|0|0|0|0|0|0|0|0|0|0|0
Ncyc-(CH2)2-CHcyc (different rings)|0.3798|-0.1872|0|0|0|0|0|-0.0229321276520977|0|0|0|0|0|0|0|0|0|0|0|0|0|0|0|0|0
aC-CONHCH2-CHcyc (different rings)|-0.4323|0.5619|0|0|0|-0.9475|0|-3.40281800383298|0|0|0|0|0|0|0|0|0|0|0|0|0|0|0|0|0